village_code,0_0,0_1,0_2,0_3,0_4,0_5,0_6,0_7,0_8,1_0,1_1,1_2,1_3,1_4,1_5,2_0,2_1,2_2,2_3,2_4,2_5,2_6,2_7,2_8,2_9
242473,0.935,0.0,0.003,0.001,0.001,0.001,0.053,0.001,0.006,0.003,0.99,0.001,0.003,0.002,0.0,0.007,0.002,0.011,0.001,0.978,0.0,0.0,0.002,0.0,0.0
242486,1.0,0.0,0.0,0.0,0.0,0.0,0.0,0.0,0.0,0.0,0.992,0.008,0.0,0.0,0.0,0.0,0.0,0.008,0.0,0.992,0.0,0.0,0.0,0.0,0.0
242498,1.0,0.0,0.0,0.0,0.0,0.0,0.0,0.0,0.0,0.0,1.0,0.0,0.0,0.0,0.0,0.0,0.0,0.0,0.0,1.0,0.0,0.0,0.0,0.0,0.0
242512,0.936,0.0,0.006,0.0,0.013,0.002,0.017,0.026,0.001,0.001,0.987,0.011,0.0,0.001,0.0,0.028,0.016,0.009,0.0,0.784,0.0,0.0,0.001,0.0,0.162
242523,0.0,0.0,0.0,0.0,0.0,0.0,0.0,1.0,0.0,0.0,1.0,0.0,0.0,0.0,0.0,0.0,0.0,0.0,0.0,0.167,0.833,0.0,0.0,0.0,0.0
242524,0.397,0.054,0.192,0.001,0.024,0.026,0.009,0.292,0.006,0.142,0.847,0.007,0.0,0.0,0.004,0.075,0.059,0.017,0.081,0.745,0.019,0.0,0.0,0.001,0.003
242525,0.01,0.0,0.216,0.002,0.0,0.005,0.007,0.761,0.0,0.786,0.196,0.0,0.0,0.016,0.002,0.028,0.007,0.0,0.234,0.712,0.018,0.002,0.0,0.0,0.0
242526,0.051,0.077,0.308,0.0,0.0,0.0,0.0,0.564,0.0,0.821,0.179,0.0,0.0,0.0,0.0,0.0,0.0,0.051,0.949,0.0,0.0,0.0,0.0,0.0,0.0
242527,0.0,0.0,0.0,0.0,0.0,0.0,0.0,1.0,0.0,0.023,0.977,0.0,0.0,0.0,0.0,0.0,0.0,0.0,0.0,1.0,0.0,0.0,0.0,0.0,0.0
242530,0.031,0.009,0.191,0.001,0.0,0.009,0.003,0.755,0.002,0.458,0.532,0.004,0.0,0.005,0.001,0.012,0.006,0.022,0.087,0.82,0.001,0.0,0.051,0.001,0.001
242537,0.372,0.005,0.236,0.026,0.021,0.0,0.0,0.324,0.015,0.16,0.831,0.008,0.0,0.0,0.0,0.0,0.0,0.002,0.079,0.906,0.0,0.0,0.013,0.0,0.0
242538,0.989,0.004,0.0,0.0,0.0,0.0,0.004,0.004,0.0,0.007,0.948,0.044,0.0,0.0,0.0,0.0,0.0,0.052,0.0,0.948,0.0,0.0,0.0,0.0,0.0
242540,0.216,0.007,0.223,0.007,0.009,0.015,0.007,0.49,0.025,0.297,0.656,0.002,0.026,0.018,0.0,0.057,0.027,0.007,0.134,0.729,0.002,0.0,0.001,0.011,0.031
242541,0.0,0.0,0.0,0.0,0.0,0.0,0.0,1.0,0.0,0.125,0.875,0.0,0.0,0.0,0.0,0.0,0.0,0.0,0.0,1.0,0.0,0.0,0.0,0.0,0.0
242545,0.011,0.0,0.203,0.0,0.0,0.0,0.0,0.786,0.0,0.963,0.037,0.0,0.0,0.0,0.0,0.059,0.016,0.005,0.08,0.797,0.037,0.0,0.0,0.0,0.005
242546,0.045,0.006,0.21,0.0,0.0,0.0,0.017,0.723,0.0,0.529,0.468,0.003,0.0,0.0,0.0,0.011,0.0,0.003,0.123,0.857,0.006,0.0,0.0,0.0,0.0
242547,0.023,0.02,0.254,0.046,0.0,0.0,0.003,0.653,0.0,0.488,0.512,0.0,0.0,0.0,0.0,0.013,0.0,0.0,0.436,0.528,0.013,0.0,0.0,0.007,0.003
242548,0.113,0.0,0.212,0.038,0.236,0.028,0.009,0.358,0.005,0.297,0.703,0.0,0.0,0.0,0.0,0.047,0.0,0.024,0.495,0.358,0.005,0.0,0.0,0.0,0.071
242549,0.406,0.01,0.01,0.0,0.0,0.01,0.0,0.562,0.0,0.354,0.635,0.01,0.0,0.0,0.0,0.021,0.021,0.01,0.76,0.156,0.0,0.0,0.0,0.0,0.031
242550,0.003,0.0,0.254,0.003,0.0,0.0,0.025,0.715,0.0,0.508,0.492,0.0,0.0,0.0,0.0,0.0,0.0,0.0,0.372,0.619,0.009,0.0,0.0,0.0,0.0
242553,0.043,0.022,0.12,0.0,0.0,0.0,0.109,0.707,0.0,0.196,0.804,0.0,0.0,0.0,0.0,0.011,0.0,0.0,0.554,0.435,0.0,0.0,0.0,0.0,0.0
242554,0.0,0.0,0.8,0.0,0.0,0.0,0.0,0.2,0.0,0.1,0.9,0.0,0.0,0.0,0.0,0.0,0.0,0.8,0.1,0.1,0.0,0.0,0.0,0.0,0.0
242555,0.01,0.0,0.16,0.0,0.0,0.01,0.02,0.79,0.01,0.19,0.81,0.0,0.0,0.0,0.0,0.0,0.0,0.0,0.17,0.83,0.0,0.0,0.0,0.0,0.0
242556,0.0,0.0,0.421,0.0,0.0,0.043,0.011,0.525,0.0,0.097,0.901,0.003,0.0,0.0,0.0,0.003,0.008,0.016,0.204,0.759,0.0,0.0,0.0,0.0,0.011
242557,0.222,0.0,0.013,0.0,0.018,0.009,0.094,0.64,0.002,0.692,0.292,0.0,0.013,0.0,0.002,0.011,0.031,0.0,0.085,0.847,0.02,0.0,0.0,0.0,0.004
242558,0.183,0.0,0.0,0.0,0.0,0.0,0.028,0.761,0.028,0.704,0.296,0.0,0.0,0.0,0.0,0.042,0.0,0.0,0.958,0.0,0.0,0.0,0.0,0.0,0.0
242559,0.0,0.0,0.0,0.0,0.0,0.0,0.0,1.0,0.0,0.0,1.0,0.0,0.0,0.0,0.0,0.0,0.0,0.0,0.0,1.0,0.0,0.0,0.0,0.0,0.0
242560,0.06,0.09,0.0,0.0,0.0,0.0,0.0,0.836,0.015,0.313,0.672,0.0,0.015,0.0,0.0,0.015,0.015,0.045,0.0,0.91,0.0,0.0,0.0,0.015,0.0
242563,0.0,0.0,0.739,0.0,0.0,0.0,0.0,0.261,0.0,0.978,0.0,0.0,0.022,0.0,0.0,0.0,0.0,0.0,1.0,0.0,0.0,0.0,0.0,0.0,0.0
242564,0.574,0.0,0.0,0.0,0.0,0.128,0.0,0.298,0.0,0.043,0.66,0.043,0.0,0.0,0.255,0.0,0.979,0.021,0.0,0.0,0.0,0.0,0.0,0.0,0.0
242567,0.0,0.0,0.0,0.0,0.0,0.0,0.0,1.0,0.0,0.0,1.0,0.0,0.0,0.0,0.0,0.0,0.0,0.0,0.5,0.5,0.0,0.0,0.0,0.0,0.0
242568,0.046,0.067,0.264,0.008,0.0,0.015,0.015,0.586,0.0,0.418,0.571,0.005,0.005,0.0,0.0,0.19,0.084,0.034,0.371,0.311,0.003,0.0,0.001,0.004,0.001
242569,0.059,0.003,0.158,0.005,0.0,0.015,0.032,0.709,0.019,0.224,0.771,0.004,0.0,0.0,0.001,0.032,0.023,0.019,0.139,0.651,0.023,0.0,0.0,0.001,0.111
242570,0.304,0.0,0.059,0.0,0.044,0.004,0.0,0.589,0.0,0.026,0.919,0.048,0.0,0.007,0.0,0.011,0.011,0.004,0.026,0.807,0.022,0.0,0.0,0.011,0.107
242571,0.043,0.0,0.286,0.0,0.0,0.014,0.071,0.586,0.0,0.357,0.629,0.014,0.0,0.0,0.0,0.0,0.0,0.0,0.8,0.114,0.086,0.0,0.0,0.0,0.0
242572,0.0,0.0,0.266,0.0,0.109,0.625,0.0,0.0,0.0,0.266,0.734,0.0,0.0,0.0,0.0,0.016,0.016,0.0,0.562,0.406,0.0,0.0,0.0,0.0,0.0
242574,0.11,0.002,0.179,0.058,0.0,0.099,0.009,0.543,0.0,0.325,0.46,0.0,0.211,0.0,0.004,0.027,0.013,0.045,0.211,0.489,0.206,0.0,0.0,0.007,0.002
242575,0.0,0.0,0.737,0.0,0.0,0.0,0.0,0.263,0.0,0.0,1.0,0.0,0.0,0.0,0.0,0.0,0.0,0.0,0.895,0.105,0.0,0.0,0.0,0.0,0.0
242576,0.014,0.0,0.69,0.014,0.0,0.0,0.0,0.282,0.0,0.183,0.817,0.0,0.0,0.0,0.0,0.0,0.0,0.0,0.746,0.254,0.0,0.0,0.0,0.0,0.0
242581,0.03,0.0,0.209,0.045,0.045,0.0,0.015,0.657,0.0,0.015,0.851,0.0,0.134,0.0,0.0,0.0,0.0,0.015,0.0,0.985,0.0,0.0,0.0,0.0,0.0
242583,0.037,0.0,0.224,0.0,0.037,0.692,0.009,0.0,0.0,0.084,0.916,0.0,0.0,0.0,0.0,0.0,0.037,0.009,0.299,0.654,0.0,0.0,0.0,0.0,0.0
242584,0.005,0.002,0.204,0.0,0.009,0.002,0.0,0.778,0.0,0.587,0.404,0.0,0.0,0.009,0.0,0.011,0.0,0.0,0.039,0.927,0.023,0.0,0.0,0.0,0.0
242585,0.226,0.0,0.0,0.0,0.0,0.032,0.032,0.71,0.0,0.194,0.677,0.129,0.0,0.0,0.0,0.0,0.0,0.0,0.065,0.871,0.065,0.0,0.0,0.0,0.0
242586,0.0,0.0,0.273,0.0,0.0,0.023,0.045,0.648,0.011,0.795,0.205,0.0,0.0,0.0,0.0,0.0,0.0,0.068,0.023,0.83,0.08,0.0,0.0,0.0,0.0
242587,0.0,0.027,0.098,0.0,0.0,0.0,0.009,0.866,0.0,0.688,0.312,0.0,0.0,0.0,0.0,0.0,0.0,0.0,0.062,0.848,0.089,0.0,0.0,0.0,0.0
242588,0.0,0.031,0.156,0.016,0.0,0.0,0.0,0.797,0.0,0.578,0.422,0.0,0.0,0.0,0.0,0.0,0.016,0.0,0.0,0.906,0.078,0.0,0.0,0.0,0.0
242590,0.0,0.0,0.172,0.0,0.0,0.017,0.017,0.793,0.0,0.569,0.431,0.0,0.0,0.0,0.0,0.0,0.0,0.017,0.0,0.983,0.0,0.0,0.0,0.0,0.0
242591,0.0,0.0,0.205,0.0,0.0,0.0,0.0,0.795,0.0,0.564,0.436,0.0,0.0,0.0,0.0,0.0,0.0,0.0,0.051,0.949,0.0,0.0,0.0,0.0,0.0
242592,0.021,0.021,0.326,0.0,0.011,0.011,0.0,0.611,0.0,0.379,0.589,0.0,0.011,0.021,0.0,0.011,0.0,0.0,0.179,0.716,0.032,0.0,0.0,0.0,0.063
242593,0.0,0.167,0.1,0.0,0.0,0.033,0.0,0.7,0.0,0.133,0.833,0.033,0.0,0.0,0.0,0.0,0.0,0.0,0.0,1.0,0.0,0.0,0.0,0.0,0.0
242594,0.021,0.043,0.191,0.0,0.0,0.021,0.043,0.681,0.0,0.404,0.596,0.0,0.0,0.0,0.0,0.0,0.021,0.0,0.0,0.979,0.0,0.0,0.0,0.0,0.0
242595,0.021,0.003,0.133,0.013,0.0,0.062,0.01,0.758,0.0,0.586,0.411,0.0,0.0,0.0,0.003,0.003,0.049,0.005,0.013,0.859,0.008,0.0,0.031,0.0,0.031
242596,0.021,0.0,0.27,0.05,0.0,0.0,0.0,0.66,0.0,0.504,0.489,0.007,0.0,0.0,0.0,0.028,0.007,0.007,0.199,0.752,0.007,0.0,0.0,0.0,0.0
242597,0.041,0.009,0.078,0.0,0.0,0.018,0.22,0.628,0.005,0.638,0.362,0.0,0.0,0.0,0.0,0.183,0.0,0.014,0.225,0.376,0.009,0.0,0.0,0.0,0.193
242601,0.262,0.028,0.105,0.01,0.002,0.412,0.01,0.17,0.0,0.287,0.69,0.0,0.002,0.0,0.02,0.015,0.042,0.022,0.322,0.59,0.005,0.0,0.0,0.0,0.002
242602,0.027,0.0,0.162,0.003,0.011,0.588,0.016,0.194,0.0,0.601,0.391,0.003,0.005,0.0,0.0,0.008,0.016,0.024,0.364,0.547,0.038,0.0,0.003,0.0,0.0
242603,0.004,0.0,0.156,0.0,0.0,0.0,0.0,0.84,0.0,0.576,0.424,0.0,0.0,0.0,0.0,0.004,0.012,0.04,0.284,0.656,0.004,0.0,0.0,0.0,0.0
242604,0.022,0.0,0.217,0.0,0.0,0.761,0.0,0.0,0.0,0.587,0.348,0.0,0.0,0.0,0.065,0.0,0.0,0.0,0.087,0.848,0.065,0.0,0.0,0.0,0.0
242605,0.85,0.004,0.126,0.002,0.001,0.001,0.006,0.009,0.0,0.001,0.995,0.001,0.0,0.003,0.0,0.008,0.001,0.003,0.0,0.988,0.0,0.0,0.0,0.0,0.0
242608,0.811,0.005,0.18,0.0,0.0,0.0,0.0,0.005,0.0,0.003,0.949,0.002,0.0,0.047,0.0,0.006,0.0,0.002,0.0,0.893,0.0,0.0,0.0,0.0,0.099
801357,0.104,0.012,0.187,0.008,0.032,0.034,0.022,0.594,0.007,0.732,0.254,0.002,0.005,0.002,0.005,0.041,0.023,0.009,0.039,0.701,0.132,0.0,0.004,0.001,0.048
242610,0.278,0.011,0.157,0.017,0.061,0.003,0.015,0.456,0.002,0.247,0.747,0.004,0.001,0.001,0.0,0.023,0.003,0.008,0.069,0.845,0.002,0.0,0.039,0.001,0.01
242611,0.152,0.012,0.211,0.012,0.0,0.003,0.012,0.594,0.003,0.508,0.486,0.0,0.003,0.003,0.0,0.0,0.012,0.009,0.022,0.954,0.003,0.0,0.0,0.0,0.0
242612,0.032,0.0,0.324,0.005,0.009,0.027,0.0,0.598,0.005,0.662,0.333,0.005,0.0,0.0,0.0,0.005,0.0,0.023,0.032,0.936,0.005,0.0,0.0,0.0,0.0
242615,1.0,0.0,0.0,0.0,0.0,0.0,0.0,0.0,0.0,0.0,0.978,0.0,0.0,0.022,0.0,0.022,0.0,0.0,0.304,0.674,0.0,0.0,0.0,0.0,0.0
242617,0.426,0.007,0.058,0.0,0.039,0.048,0.002,0.418,0.002,0.327,0.671,0.002,0.0,0.0,0.0,0.185,0.057,0.017,0.216,0.526,0.0,0.0,0.0,0.0,0.0
242618,0.4,0.0,0.0,0.0,0.0,0.0,0.0,0.6,0.0,0.0,1.0,0.0,0.0,0.0,0.0,0.0,0.0,0.0,0.0,1.0,0.0,0.0,0.0,0.0,0.0
242619,0.565,0.0,0.0,0.0,0.0,0.022,0.0,0.413,0.0,0.043,0.957,0.0,0.0,0.0,0.0,0.435,0.0,0.0,0.087,0.478,0.0,0.0,0.0,0.0,0.0
242620,0.588,0.0,0.0,0.0,0.0,0.0,0.0,0.412,0.0,0.0,1.0,0.0,0.0,0.0,0.0,0.765,0.059,0.0,0.0,0.176,0.0,0.0,0.0,0.0,0.0
242621,0.522,0.0,0.043,0.0,0.079,0.083,0.067,0.206,0.0,0.395,0.557,0.012,0.028,0.0,0.008,0.016,0.0,0.004,0.225,0.739,0.0,0.0,0.0,0.0,0.016
242622,0.582,0.014,0.273,0.006,0.035,0.013,0.002,0.073,0.003,0.038,0.934,0.007,0.019,0.002,0.0,0.095,0.019,0.004,0.002,0.84,0.031,0.0,0.001,0.005,0.002
242623,0.428,0.003,0.058,0.006,0.001,0.001,0.004,0.497,0.002,0.245,0.754,0.0,0.0,0.0,0.001,0.275,0.014,0.006,0.011,0.677,0.003,0.0,0.0,0.0,0.014
242624,0.153,0.0,0.035,0.0,0.012,0.0,0.035,0.765,0.0,0.788,0.212,0.0,0.0,0.0,0.0,0.0,0.0,0.012,0.224,0.765,0.0,0.0,0.0,0.0,0.0
242625,0.151,0.011,0.149,0.0,0.007,0.009,0.007,0.667,0.0,0.468,0.523,0.004,0.002,0.002,0.0,0.195,0.033,0.07,0.155,0.488,0.002,0.0,0.046,0.004,0.007
242626,0.101,0.0,0.0,0.014,0.0,0.014,0.0,0.855,0.014,0.449,0.551,0.0,0.0,0.0,0.0,0.0,0.0,0.087,0.609,0.304,0.0,0.0,0.0,0.0,0.0
242627,0.444,0.007,0.057,0.0,0.046,0.118,0.01,0.319,0.0,0.363,0.619,0.008,0.0,0.0,0.01,0.206,0.003,0.002,0.038,0.722,0.0,0.0,0.025,0.005,0.0
242629,0.19,0.0,0.31,0.0,0.19,0.238,0.0,0.071,0.0,0.333,0.667,0.0,0.0,0.0,0.0,0.0,0.917,0.0,0.0,0.083,0.0,0.0,0.0,0.0,0.0
242630,0.07,0.024,0.353,0.002,0.006,0.159,0.002,0.38,0.004,0.151,0.849,0.0,0.0,0.0,0.0,0.124,0.345,0.002,0.044,0.472,0.0,0.0,0.0,0.0,0.014
242631,0.157,0.0,0.186,0.0,0.0,0.003,0.006,0.648,0.0,0.387,0.613,0.0,0.0,0.0,0.0,0.0,0.0,0.0,0.372,0.628,0.0,0.0,0.0,0.0,0.0
242632,0.382,0.0,0.118,0.006,0.152,0.107,0.011,0.219,0.006,0.298,0.691,0.0,0.011,0.0,0.0,0.287,0.0,0.028,0.685,0.0,0.0,0.0,0.0,0.0,0.0
242636,0.032,0.0,0.185,0.009,0.005,0.028,0.005,0.736,0.0,0.741,0.259,0.0,0.0,0.0,0.0,0.088,0.019,0.046,0.037,0.764,0.005,0.0,0.0,0.0,0.042
242637,0.095,0.027,0.297,0.0,0.0,0.014,0.027,0.541,0.0,0.135,0.865,0.0,0.0,0.0,0.0,0.784,0.095,0.0,0.054,0.014,0.0,0.0,0.0,0.0,0.054
242638,0.053,0.008,0.211,0.009,0.028,0.141,0.009,0.54,0.0,0.453,0.542,0.002,0.001,0.002,0.0,0.11,0.02,0.027,0.17,0.624,0.004,0.0,0.0,0.0,0.045
242640,0.303,0.003,0.05,0.0,0.019,0.241,0.025,0.353,0.006,0.209,0.791,0.0,0.0,0.0,0.0,0.031,0.034,0.006,0.434,0.409,0.0,0.0,0.0,0.009,0.075
242641,0.028,0.001,0.154,0.014,0.182,0.051,0.001,0.566,0.001,0.446,0.551,0.001,0.0,0.0,0.001,0.004,0.0,0.006,0.402,0.577,0.001,0.0,0.0,0.0,0.01
242642,0.08,0.0,0.03,0.0,0.0,0.0,0.01,0.88,0.0,0.35,0.65,0.0,0.0,0.0,0.0,0.03,0.02,0.0,0.44,0.51,0.0,0.0,0.0,0.0,0.0
242649,0.432,0.0,0.194,0.0,0.006,0.013,0.013,0.342,0.0,0.0,0.994,0.006,0.0,0.0,0.0,0.0,0.135,0.0,0.865,0.0,0.0,0.0,0.0,0.0,0.0
242652,0.203,0.0,0.187,0.008,0.003,0.027,0.019,0.552,0.0,0.201,0.797,0.0,0.003,0.0,0.0,0.005,0.022,0.0,0.404,0.566,0.003,0.0,0.0,0.0,0.0
242654,0.028,0.008,0.109,0.011,0.016,0.107,0.018,0.703,0.0,0.474,0.52,0.002,0.0,0.002,0.001,0.115,0.017,0.075,0.363,0.405,0.011,0.0,0.004,0.0,0.011
242655,0.265,0.008,0.124,0.013,0.008,0.032,0.07,0.477,0.002,0.104,0.889,0.006,0.0,0.001,0.0,0.021,0.002,0.011,0.141,0.792,0.002,0.0,0.001,0.001,0.029
242656,0.025,0.0,0.186,0.0,0.008,0.0,0.008,0.771,0.0,0.805,0.195,0.0,0.0,0.0,0.0,0.0,0.042,0.008,0.271,0.678,0.0,0.0,0.0,0.0,0.0
242657,0.175,0.004,0.105,0.031,0.137,0.0,0.003,0.546,0.0,0.044,0.956,0.0,0.0,0.0,0.0,0.003,0.002,0.001,0.085,0.899,0.011,0.0,0.0,0.0,0.0
242659,0.154,0.0,0.184,0.0,0.004,0.004,0.004,0.651,0.0,0.313,0.687,0.0,0.0,0.0,0.0,0.002,0.002,0.002,0.295,0.691,0.0,0.0,0.0,0.0,0.009
242660,0.203,0.0,0.117,0.0,0.0,0.003,0.0,0.672,0.003,0.655,0.341,0.003,0.0,0.0,0.0,0.6,0.0,0.003,0.0,0.397,0.0,0.0,0.0,0.0,0.0
242661,0.066,0.0,0.371,0.0,0.006,0.036,0.024,0.497,0.0,0.335,0.659,0.0,0.006,0.0,0.0,0.174,0.0,0.012,0.299,0.497,0.0,0.0,0.0,0.006,0.012
242662,0.01,0.019,0.327,0.0,0.0,0.019,0.0,0.625,0.0,0.096,0.885,0.019,0.0,0.0,0.0,0.038,0.0,0.01,0.067,0.885,0.0,0.0,0.0,0.0,0.0
242663,0.061,0.036,0.176,0.0,0.007,0.011,0.022,0.649,0.039,0.373,0.613,0.0,0.0,0.014,0.0,0.004,0.0,0.0,0.0,0.996,0.0,0.0,0.0,0.0,0.0
242664,0.06,0.03,0.343,0.009,0.0,0.039,0.026,0.494,0.0,0.536,0.464,0.0,0.0,0.0,0.0,0.0,0.0,0.021,0.146,0.833,0.0,0.0,0.0,0.0,0.0
242665,0.045,0.009,0.321,0.018,0.071,0.009,0.062,0.464,0.0,0.723,0.25,0.009,0.0,0.018,0.0,0.08,0.009,0.062,0.045,0.768,0.009,0.0,0.009,0.0,0.018
242668,0.438,0.016,0.0,0.0,0.547,0.0,0.0,0.0,0.0,0.469,0.516,0.0,0.0,0.016,0.0,0.0,0.0,0.047,0.0,0.953,0.0,0.0,0.0,0.0,0.0
242669,0.667,0.0,0.0,0.0,0.0,0.0,0.333,0.0,0.0,0.333,0.667,0.0,0.0,0.0,0.0,0.0,0.0,0.0,0.0,1.0,0.0,0.0,0.0,0.0,0.0
242672,0.217,0.0,0.133,0.0,0.012,0.0,0.0,0.639,0.0,0.837,0.163,0.0,0.0,0.0,0.0,0.0,0.006,0.006,0.036,0.946,0.0,0.0,0.006,0.0,0.0
242674,0.228,0.0,0.146,0.0,0.078,0.51,0.01,0.024,0.005,0.447,0.549,0.0,0.005,0.0,0.0,0.019,0.005,0.0,0.029,0.947,0.0,0.0,0.0,0.0,0.0
242675,0.012,0.037,0.343,0.002,0.0,0.0,0.014,0.593,0.0,0.211,0.773,0.016,0.0,0.0,0.0,0.002,0.0,0.002,0.042,0.949,0.0,0.0,0.005,0.0,0.0
242676,0.02,0.004,0.241,0.008,0.0,0.0,0.004,0.722,0.0,0.371,0.629,0.0,0.0,0.0,0.0,0.008,0.004,0.0,0.094,0.89,0.004,0.0,0.0,0.0,0.0
242677,0.0,0.045,0.591,0.0,0.0,0.0,0.0,0.364,0.0,0.318,0.682,0.0,0.0,0.0,0.0,0.364,0.0,0.045,0.591,0.0,0.0,0.0,0.0,0.0,0.0
242678,0.022,0.022,0.578,0.0,0.022,0.0,0.0,0.356,0.0,0.356,0.644,0.0,0.0,0.0,0.0,0.0,0.0,0.0,0.778,0.067,0.0,0.0,0.0,0.0,0.156
242680,0.171,0.02,0.277,0.0,0.0,0.0,0.012,0.52,0.0,0.558,0.434,0.0,0.0,0.009,0.0,0.246,0.046,0.023,0.24,0.402,0.04,0.0,0.0,0.0,0.003
242681,0.153,0.01,0.01,0.0,0.01,0.01,0.041,0.765,0.0,0.561,0.439,0.0,0.0,0.0,0.0,0.01,0.01,0.01,0.286,0.663,0.0,0.0,0.0,0.0,0.02
242682,0.007,0.0,0.124,0.003,0.003,0.039,0.0,0.824,0.0,0.801,0.199,0.0,0.0,0.0,0.0,0.0,0.0,0.003,0.252,0.745,0.0,0.0,0.0,0.0,0.0
242685,0.071,0.016,0.322,0.007,0.0,0.007,0.043,0.534,0.0,0.616,0.384,0.0,0.0,0.0,0.0,0.014,0.244,0.009,0.11,0.6,0.011,0.0,0.0,0.0,0.011
242689,0.022,0.0,0.161,0.025,0.003,0.0,0.009,0.775,0.003,0.677,0.316,0.006,0.0,0.0,0.0,0.149,0.06,0.0,0.168,0.601,0.016,0.0,0.0,0.0,0.006
242691,0.023,0.028,0.285,0.0,0.019,0.005,0.023,0.612,0.005,0.818,0.182,0.0,0.0,0.0,0.0,0.033,0.009,0.028,0.154,0.734,0.005,0.0,0.0,0.005,0.033
242694,0.036,0.0,0.424,0.0,0.0,0.024,0.0,0.515,0.0,0.327,0.673,0.0,0.0,0.0,0.0,0.0,0.0,0.006,0.315,0.327,0.0,0.0,0.0,0.0,0.352
242695,0.018,0.0,0.275,0.0,0.006,0.036,0.006,0.641,0.018,0.754,0.234,0.0,0.012,0.0,0.0,0.0,0.006,0.0,0.174,0.808,0.0,0.0,0.0,0.006,0.006
242698,0.051,0.008,0.21,0.011,0.001,0.014,0.01,0.693,0.001,0.424,0.575,0.0,0.001,0.0,0.001,0.029,0.035,0.031,0.485,0.382,0.028,0.0,0.0,0.002,0.007
242699,0.335,0.026,0.215,0.0,0.0,0.005,0.007,0.406,0.006,0.181,0.816,0.001,0.0,0.0,0.002,0.031,0.109,0.001,0.017,0.824,0.006,0.0,0.001,0.005,0.006
242700,0.222,0.01,0.286,0.003,0.0,0.064,0.018,0.389,0.008,0.281,0.685,0.005,0.002,0.025,0.003,0.01,0.005,0.005,0.016,0.899,0.015,0.0,0.002,0.0,0.049
242701,0.155,0.006,0.534,0.0,0.0,0.0,0.0,0.305,0.0,0.092,0.908,0.0,0.0,0.0,0.0,0.0,0.0,0.0,0.017,0.983,0.0,0.0,0.0,0.0,0.0
242702,0.282,0.0,0.191,0.0,0.0,0.0,0.008,0.519,0.0,0.504,0.496,0.0,0.0,0.0,0.0,0.008,0.0,0.008,0.046,0.924,0.015,0.0,0.0,0.0,0.0
242705,0.179,0.0,0.142,0.0,0.031,0.111,0.006,0.525,0.006,0.253,0.747,0.0,0.0,0.0,0.0,0.006,0.006,0.0,0.062,0.796,0.0,0.0,0.0,0.006,0.123
242708,0.225,0.0,0.296,0.0,0.0,0.0,0.014,0.465,0.0,0.366,0.634,0.0,0.0,0.0,0.0,0.0,0.0,0.014,0.0,0.986,0.0,0.0,0.0,0.0,0.0
242709,0.254,0.014,0.176,0.0,0.0,0.0,0.004,0.552,0.0,0.072,0.928,0.0,0.0,0.0,0.0,0.0,0.004,0.004,0.022,0.946,0.0,0.0,0.0,0.0,0.025
242714,0.023,0.011,0.379,0.0,0.0,0.0,0.011,0.575,0.0,0.034,0.943,0.023,0.0,0.0,0.0,0.0,0.0,0.011,0.011,0.977,0.0,0.0,0.0,0.0,0.0
242728,0.458,0.003,0.231,0.0,0.0,0.146,0.0,0.162,0.0,0.039,0.961,0.0,0.0,0.0,0.0,0.37,0.0,0.0,0.143,0.468,0.0,0.003,0.0,0.016,0.0
242736,0.091,0.016,0.41,0.0,0.004,0.031,0.006,0.441,0.001,0.155,0.826,0.009,0.008,0.001,0.001,0.021,0.025,0.01,0.186,0.748,0.001,0.0,0.001,0.001,0.006
242741,0.033,0.0,0.399,0.006,0.0,0.021,0.018,0.523,0.0,0.532,0.468,0.0,0.0,0.0,0.0,0.006,0.015,0.006,0.097,0.864,0.003,0.0,0.009,0.0,0.0
242743,0.006,0.075,0.23,0.0,0.0,0.006,0.029,0.655,0.0,0.632,0.368,0.0,0.0,0.0,0.0,0.0,0.0,0.0,0.31,0.69,0.0,0.0,0.0,0.0,0.0
242744,0.0,0.006,0.247,0.0,0.0,0.006,0.024,0.718,0.0,0.7,0.3,0.0,0.0,0.0,0.0,0.0,0.0,0.0,0.076,0.924,0.0,0.0,0.0,0.0,0.0
242745,0.121,0.004,0.451,0.004,0.002,0.005,0.012,0.402,0.0,0.324,0.676,0.0,0.0,0.0,0.0,0.005,0.004,0.059,0.208,0.68,0.002,0.0,0.0,0.0,0.043
242746,0.023,0.005,0.405,0.009,0.13,0.074,0.014,0.34,0.0,0.247,0.735,0.019,0.0,0.0,0.0,0.0,0.0,0.0,0.34,0.447,0.005,0.0,0.0,0.0,0.209
242747,0.144,0.008,0.405,0.002,0.008,0.012,0.004,0.413,0.003,0.252,0.744,0.001,0.0,0.002,0.001,0.08,0.003,0.02,0.147,0.656,0.001,0.001,0.076,0.001,0.014
242748,0.041,0.006,0.26,0.0,0.027,0.172,0.006,0.488,0.0,0.525,0.473,0.002,0.0,0.0,0.0,0.002,0.006,0.004,0.49,0.496,0.0,0.0,0.0,0.002,0.0
801358,0.084,0.007,0.13,0.005,0.08,0.038,0.042,0.611,0.004,0.745,0.244,0.002,0.004,0.002,0.002,0.17,0.018,0.023,0.14,0.58,0.053,0.001,0.0,0.001,0.012
242749,0.356,0.0,0.137,0.0,0.0,0.0,0.014,0.493,0.0,0.0,1.0,0.0,0.0,0.0,0.0,0.0,0.0,0.0,0.247,0.74,0.0,0.0,0.014,0.0,0.0
242750,0.08,0.004,0.353,0.0,0.0,0.0,0.004,0.558,0.0,0.326,0.674,0.0,0.0,0.0,0.0,0.0,0.0,0.0,0.085,0.915,0.0,0.0,0.0,0.0,0.0
242751,0.298,0.012,0.0,0.0,0.0,0.0,0.012,0.679,0.0,0.024,0.976,0.0,0.0,0.0,0.0,0.0,0.036,0.0,0.476,0.488,0.0,0.0,0.0,0.0,0.0
242752,0.3,0.018,0.255,0.0,0.004,0.0,0.0,0.422,0.002,0.053,0.927,0.013,0.005,0.002,0.0,0.184,0.004,0.02,0.647,0.127,0.0,0.013,0.0,0.005,0.0
242753,0.778,0.0,0.222,0.0,0.0,0.0,0.0,0.0,0.0,0.0,1.0,0.0,0.0,0.0,0.0,0.0,0.0,0.0,1.0,0.0,0.0,0.0,0.0,0.0,0.0
242754,0.143,0.0,0.5,0.0,0.0,0.0,0.0,0.357,0.0,0.161,0.839,0.0,0.0,0.0,0.0,0.0,0.0,0.0,0.661,0.339,0.0,0.0,0.0,0.0,0.0
242755,0.434,0.0,0.217,0.019,0.0,0.0,0.019,0.311,0.0,0.274,0.726,0.0,0.0,0.0,0.0,0.0,0.0,0.104,0.585,0.311,0.0,0.0,0.0,0.0,0.0
242756,0.23,0.004,0.458,0.0,0.008,0.042,0.002,0.255,0.002,0.365,0.635,0.0,0.0,0.0,0.0,0.212,0.012,0.01,0.506,0.259,0.0,0.0,0.0,0.0,0.002
242757,0.005,0.033,0.353,0.011,0.011,0.087,0.0,0.489,0.011,0.005,0.984,0.011,0.0,0.0,0.0,0.022,0.0,0.005,0.739,0.223,0.0,0.005,0.0,0.0,0.005
242758,0.081,0.0,0.414,0.0,0.0,0.0,0.003,0.502,0.0,0.898,0.099,0.003,0.0,0.0,0.0,0.003,0.003,0.018,0.42,0.55,0.0,0.0,0.0,0.0,0.006
242759,0.185,0.0,0.287,0.0,0.096,0.074,0.053,0.306,0.0,0.49,0.507,0.0,0.003,0.0,0.0,0.247,0.0,0.003,0.424,0.326,0.0,0.0,0.0,0.0,0.0
242760,0.132,0.0,0.252,0.007,0.0,0.0,0.013,0.596,0.0,0.464,0.536,0.0,0.0,0.0,0.0,0.033,0.0,0.046,0.43,0.43,0.0,0.0,0.0,0.0,0.06
242761,0.566,0.0,0.104,0.0,0.0,0.129,0.0,0.201,0.0,0.205,0.795,0.0,0.0,0.0,0.0,0.0,0.0,0.0,0.815,0.185,0.0,0.0,0.0,0.0,0.0
242762,0.477,0.0,0.379,0.0,0.0,0.0,0.008,0.136,0.0,0.072,0.922,0.0,0.0,0.006,0.0,0.299,0.014,0.002,0.511,0.148,0.006,0.0,0.0,0.018,0.002
242763,0.182,0.006,0.35,0.006,0.004,0.024,0.007,0.422,0.0,0.355,0.64,0.005,0.0,0.0,0.001,0.071,0.073,0.012,0.312,0.517,0.001,0.0,0.001,0.001,0.012
242765,0.278,0.004,0.322,0.0,0.0,0.004,0.026,0.365,0.0,0.217,0.783,0.0,0.0,0.0,0.0,0.0,0.0,0.0,0.539,0.461,0.0,0.0,0.0,0.0,0.0
242766,0.18,0.0,0.551,0.0,0.005,0.01,0.0,0.254,0.0,0.029,0.912,0.049,0.0,0.01,0.0,0.005,0.024,0.0,0.473,0.415,0.005,0.0,0.0,0.005,0.073
242768,0.281,0.002,0.233,0.005,0.003,0.003,0.002,0.471,0.002,0.313,0.678,0.0,0.002,0.0,0.008,0.005,0.005,0.002,0.386,0.555,0.0,0.003,0.0,0.027,0.018
242770,0.0,0.0,0.515,0.0,0.0,0.0,0.0,0.485,0.0,0.409,0.591,0.0,0.0,0.0,0.0,0.015,0.0,0.0,0.576,0.409,0.0,0.0,0.0,0.0,0.0
242771,0.191,0.0,0.485,0.0,0.0,0.029,0.015,0.279,0.0,0.235,0.765,0.0,0.0,0.0,0.0,0.0,0.0,0.0,0.574,0.426,0.0,0.0,0.0,0.0,0.0
242772,0.237,0.0,0.421,0.0,0.0,0.0,0.079,0.263,0.0,0.289,0.711,0.0,0.0,0.0,0.0,0.013,0.0,0.0,0.724,0.263,0.0,0.0,0.0,0.0,0.0
242775,0.476,0.0,0.0,0.0,0.01,0.0,0.0,0.514,0.0,0.0,1.0,0.0,0.0,0.0,0.0,0.0,0.0,0.0,1.0,0.0,0.0,0.0,0.0,0.0,0.0
242776,0.489,0.0,0.301,0.0,0.0,0.0,0.0,0.211,0.0,0.008,0.985,0.0,0.0,0.008,0.0,0.023,0.0,0.0,0.421,0.556,0.0,0.0,0.0,0.0,0.0
242778,0.489,0.0,0.291,0.05,0.007,0.0,0.0,0.163,0.0,0.007,0.993,0.0,0.0,0.0,0.0,0.0,0.0,0.0,0.709,0.291,0.0,0.0,0.0,0.0,0.0
242779,0.942,0.0,0.0,0.0,0.0,0.0,0.0,0.058,0.0,0.0,1.0,0.0,0.0,0.0,0.0,0.065,0.0,0.0,0.162,0.773,0.0,0.0,0.0,0.0,0.0
242780,0.976,0.0,0.024,0.0,0.0,0.0,0.0,0.0,0.0,0.0,1.0,0.0,0.0,0.0,0.0,0.0,0.0,0.0,0.992,0.008,0.0,0.0,0.0,0.0,0.0
242781,0.417,0.0,0.525,0.0,0.0,0.025,0.0,0.034,0.0,0.0,1.0,0.0,0.0,0.0,0.0,0.0,0.0,0.0,0.593,0.407,0.0,0.0,0.0,0.0,0.0
242783,0.28,0.001,0.427,0.0,0.006,0.006,0.022,0.257,0.0,0.188,0.801,0.006,0.001,0.003,0.0,0.006,0.01,0.014,0.645,0.318,0.002,0.001,0.001,0.002,0.0
242789,1.0,0.0,0.0,0.0,0.0,0.0,0.0,0.0,0.0,0.0,1.0,0.0,0.0,0.0,0.0,0.0,0.0,0.0,0.739,0.261,0.0,0.0,0.0,0.0,0.0
242790,1.0,0.0,0.0,0.0,0.0,0.0,0.0,0.0,0.0,0.0,1.0,0.0,0.0,0.0,0.0,0.0,0.0,0.0,1.0,0.0,0.0,0.0,0.0,0.0,0.0
242791,0.125,0.0,0.875,0.0,0.0,0.0,0.0,0.0,0.0,0.0,1.0,0.0,0.0,0.0,0.0,0.0,0.0,0.0,0.875,0.125,0.0,0.0,0.0,0.0,0.0
242793,0.783,0.0,0.0,0.0,0.0,0.0,0.0,0.217,0.0,0.0,1.0,0.0,0.0,0.0,0.0,0.0,0.0,0.0,1.0,0.0,0.0,0.0,0.0,0.0,0.0
242795,0.299,0.02,0.323,0.0,0.002,0.005,0.016,0.332,0.002,0.266,0.728,0.005,0.0,0.0,0.0,0.047,0.0,0.002,0.301,0.615,0.004,0.002,0.0,0.0,0.029
242796,0.15,0.009,0.381,0.0,0.009,0.009,0.009,0.434,0.0,0.265,0.735,0.0,0.0,0.0,0.0,0.062,0.0,0.0,0.575,0.345,0.009,0.0,0.0,0.009,0.0
242797,0.012,0.012,0.21,0.0,0.0,0.025,0.074,0.667,0.0,0.222,0.778,0.0,0.0,0.0,0.0,0.0,0.0,0.0,0.259,0.741,0.0,0.0,0.0,0.0,0.0
242798,0.104,0.006,0.264,0.001,0.047,0.027,0.002,0.546,0.003,0.72,0.271,0.005,0.002,0.001,0.0,0.112,0.022,0.023,0.225,0.605,0.004,0.0,0.001,0.003,0.005
242799,0.508,0.0,0.0,0.0,0.0,0.0,0.017,0.475,0.0,0.847,0.153,0.0,0.0,0.0,0.0,0.0,0.0,0.0,0.0,1.0,0.0,0.0,0.0,0.0,0.0
242800,1.0,0.0,0.0,0.0,0.0,0.0,0.0,0.0,0.0,0.0,1.0,0.0,0.0,0.0,0.0,0.0,0.0,0.0,1.0,0.0,0.0,0.0,0.0,0.0,0.0
242801,0.165,0.002,0.459,0.0,0.0,0.0,0.009,0.364,0.0,0.0,0.967,0.033,0.0,0.0,0.0,0.0,0.0,0.0,0.813,0.156,0.0,0.002,0.0,0.0,0.028
242805,1.0,0.0,0.0,0.0,0.0,0.0,0.0,0.0,0.0,0.0,1.0,0.0,0.0,0.0,0.0,0.0,0.0,0.0,0.0,1.0,0.0,0.0,0.0,0.0,0.0
242810,0.195,0.0,0.558,0.0,0.0,0.0,0.0,0.247,0.0,0.0,0.974,0.026,0.0,0.0,0.0,0.0,0.0,0.0,0.286,0.714,0.0,0.0,0.0,0.0,0.0
242811,0.663,0.0,0.105,0.126,0.053,0.021,0.0,0.032,0.0,0.0,1.0,0.0,0.0,0.0,0.0,0.032,0.0,0.095,0.842,0.032,0.0,0.0,0.0,0.0,0.0
242812,0.97,0.015,0.015,0.0,0.0,0.0,0.0,0.0,0.0,0.0,1.0,0.0,0.0,0.0,0.0,0.0,0.0,0.0,0.821,0.179,0.0,0.0,0.0,0.0,0.0
242813,0.29,0.0,0.561,0.0,0.0,0.005,0.0,0.145,0.0,0.0,1.0,0.0,0.0,0.0,0.0,0.005,0.036,0.0,0.647,0.312,0.0,0.0,0.0,0.0,0.0
242816,0.351,0.0,0.473,0.0,0.0,0.0,0.0,0.176,0.0,0.0,1.0,0.0,0.0,0.0,0.0,0.0,0.0,0.0,0.905,0.095,0.0,0.0,0.0,0.0,0.0
242817,0.111,0.0,0.556,0.0,0.0,0.03,0.0,0.304,0.0,0.0,1.0,0.0,0.0,0.0,0.0,0.0,0.0,0.007,0.052,0.933,0.0,0.0,0.0,0.007,0.0
242818,0.541,0.012,0.447,0.0,0.0,0.0,0.0,0.0,0.0,0.0,1.0,0.0,0.0,0.0,0.0,0.0,0.0,0.0,0.118,0.882,0.0,0.0,0.0,0.0,0.0
242819,0.095,0.0,0.786,0.0,0.0,0.119,0.0,0.0,0.0,0.0,1.0,0.0,0.0,0.0,0.0,0.0,0.0,0.0,0.0,1.0,0.0,0.0,0.0,0.0,0.0
242820,0.074,0.0,0.833,0.0,0.0,0.093,0.0,0.0,0.0,0.0,1.0,0.0,0.0,0.0,0.0,0.009,0.0,0.0,0.0,0.991,0.0,0.0,0.0,0.0,0.0
242821,0.424,0.0,0.295,0.008,0.0,0.0,0.0,0.265,0.008,0.0,1.0,0.0,0.0,0.0,0.0,0.0,0.0,0.0,0.152,0.848,0.0,0.0,0.0,0.0,0.0
242823,0.21,0.0,0.71,0.0,0.0,0.0,0.0,0.081,0.0,0.0,0.968,0.032,0.0,0.0,0.0,0.0,0.0,0.145,0.032,0.823,0.0,0.0,0.0,0.0,0.0
242824,0.982,0.0,0.0,0.0,0.0,0.0,0.006,0.012,0.0,0.236,0.764,0.0,0.0,0.0,0.0,0.297,0.0,0.0,0.691,0.0,0.0,0.012,0.0,0.0,0.0
242825,0.134,0.0,0.744,0.0,0.0,0.0,0.0,0.122,0.0,0.0,0.976,0.024,0.0,0.0,0.0,0.0,0.0,0.0,1.0,0.0,0.0,0.0,0.0,0.0,0.0
242826,0.519,0.004,0.357,0.0,0.0,0.0,0.017,0.102,0.0,0.009,0.991,0.0,0.0,0.0,0.0,0.0,0.013,0.004,0.574,0.409,0.0,0.0,0.0,0.0,0.0
242827,0.428,0.013,0.249,0.003,0.002,0.034,0.044,0.227,0.0,0.118,0.867,0.013,0.001,0.001,0.0,0.03,0.032,0.032,0.694,0.203,0.001,0.0,0.0,0.005,0.003
242828,0.403,0.007,0.527,0.004,0.026,0.022,0.011,0.0,0.0,0.0,0.993,0.007,0.0,0.0,0.0,0.026,0.0,0.004,0.799,0.172,0.0,0.0,0.0,0.0,0.0
242830,0.894,0.0,0.0,0.0,0.0,0.0,0.0,0.106,0.0,0.0,1.0,0.0,0.0,0.0,0.0,0.0,0.0,0.0,0.67,0.33,0.0,0.0,0.0,0.0,0.0
242832,0.301,0.004,0.546,0.0,0.0,0.0,0.004,0.144,0.0,0.14,0.86,0.0,0.0,0.0,0.0,0.017,0.0,0.0,0.817,0.162,0.0,0.0,0.0,0.004,0.0
242833,0.57,0.0,0.37,0.005,0.0,0.035,0.0,0.02,0.0,0.0,0.98,0.02,0.0,0.0,0.0,0.0,0.0,0.0,0.54,0.46,0.0,0.0,0.0,0.0,0.0
242834,0.481,0.019,0.423,0.0,0.0,0.0,0.0,0.077,0.0,0.0,0.981,0.0,0.0,0.019,0.0,0.038,0.0,0.0,0.0,0.962,0.0,0.0,0.0,0.0,0.0
242835,0.947,0.0,0.053,0.0,0.0,0.0,0.0,0.0,0.0,0.947,0.053,0.0,0.0,0.0,0.0,0.0,0.0,0.0,0.0,1.0,0.0,0.0,0.0,0.0,0.0
242836,0.0,0.0,1.0,0.0,0.0,0.0,0.0,0.0,0.0,0.0,1.0,0.0,0.0,0.0,0.0,0.0,0.0,0.0,0.0,0.0,0.0,0.0,0.982,0.018,0.0
242837,0.048,0.0,0.762,0.0,0.0,0.0,0.143,0.0,0.048,0.0,0.952,0.048,0.0,0.0,0.0,0.0,0.0,0.0,0.0,0.0,0.0,0.0,0.952,0.048,0.0
242841,0.525,0.0,0.414,0.0,0.0,0.0,0.0,0.061,0.0,0.0,1.0,0.0,0.0,0.0,0.0,0.0,0.0,0.0,0.778,0.222,0.0,0.0,0.0,0.0,0.0
242843,0.689,0.0,0.032,0.0,0.003,0.003,0.0,0.263,0.01,0.0,1.0,0.0,0.0,0.0,0.0,0.006,0.013,0.019,0.58,0.381,0.0,0.0,0.0,0.0,0.0
242845,0.099,0.0,0.374,0.0,0.0,0.0,0.0,0.527,0.0,0.505,0.495,0.0,0.0,0.0,0.0,0.681,0.055,0.011,0.198,0.044,0.011,0.0,0.0,0.0,0.0
242846,0.182,0.0,0.537,0.0,0.0,0.0,0.0,0.281,0.0,0.0,0.988,0.012,0.0,0.0,0.0,0.0,0.004,0.0,0.459,0.537,0.0,0.0,0.0,0.0,0.0
242847,0.386,0.0,0.386,0.0,0.0,0.023,0.0,0.205,0.0,0.011,0.989,0.0,0.0,0.0,0.0,0.67,0.011,0.0,0.307,0.0,0.0,0.0,0.0,0.0,0.011
242850,0.307,0.0,0.467,0.005,0.0,0.005,0.0,0.216,0.0,0.0,1.0,0.0,0.0,0.0,0.0,0.0,0.0,0.0,0.558,0.442,0.0,0.0,0.0,0.0,0.0
242852,0.273,0.0,0.346,0.0,0.0,0.0,0.0,0.381,0.0,0.008,0.988,0.004,0.0,0.0,0.0,0.108,0.0,0.004,0.358,0.531,0.0,0.0,0.0,0.0,0.0
242854,0.058,0.005,0.275,0.0,0.0,0.019,0.0,0.643,0.0,0.005,0.995,0.0,0.0,0.0,0.0,0.0,0.0,0.0,0.135,0.865,0.0,0.0,0.0,0.0,0.0
242856,0.0,0.0,0.581,0.0,0.0,0.0,0.0,0.419,0.0,0.814,0.186,0.0,0.0,0.0,0.0,0.0,0.0,0.0,0.349,0.651,0.0,0.0,0.0,0.0,0.0
242857,0.0,0.0,0.601,0.047,0.007,0.0,0.02,0.324,0.0,0.155,0.831,0.014,0.0,0.0,0.0,0.014,0.02,0.014,0.588,0.365,0.0,0.0,0.0,0.0,0.0
242858,0.0,0.0,0.167,0.0,0.0,0.0,0.0,0.833,0.0,0.833,0.167,0.0,0.0,0.0,0.0,0.0,0.0,0.0,0.0,1.0,0.0,0.0,0.0,0.0,0.0
242859,0.0,0.0,0.143,0.0,0.0,0.0,0.0,0.857,0.0,0.857,0.0,0.0,0.0,0.143,0.0,0.0,0.0,0.0,0.0,1.0,0.0,0.0,0.0,0.0,0.0
242860,0.159,0.0,0.466,0.0,0.0,0.0,0.0,0.375,0.0,0.977,0.023,0.0,0.0,0.0,0.0,0.0,0.0,0.0,0.0,1.0,0.0,0.0,0.0,0.0,0.0
242862,1.0,0.0,0.0,0.0,0.0,0.0,0.0,0.0,0.0,0.75,0.25,0.0,0.0,0.0,0.0,0.0,0.0,0.0,0.75,0.25,0.0,0.0,0.0,0.0,0.0
242863,0.0,0.0,0.8,0.0,0.0,0.0,0.0,0.2,0.0,0.8,0.2,0.0,0.0,0.0,0.0,0.0,0.0,0.0,0.6,0.4,0.0,0.0,0.0,0.0,0.0
242864,0.333,0.0,0.167,0.0,0.0,0.0,0.167,0.333,0.0,0.333,0.667,0.0,0.0,0.0,0.0,0.0,0.0,0.0,0.0,1.0,0.0,0.0,0.0,0.0,0.0
242869,0.096,0.002,0.538,0.0,0.0,0.002,0.016,0.346,0.0,0.268,0.729,0.004,0.0,0.0,0.0,0.002,0.023,0.011,0.334,0.629,0.0,0.002,0.0,0.0,0.0
242874,0.146,0.008,0.229,0.003,0.005,0.02,0.009,0.581,0.001,0.186,0.803,0.009,0.001,0.002,0.0,0.166,0.011,0.023,0.226,0.543,0.005,0.002,0.001,0.002,0.022
242875,0.186,0.0,0.0,0.0,0.017,0.017,0.136,0.627,0.017,0.898,0.085,0.017,0.0,0.0,0.0,0.0,0.136,0.068,0.39,0.407,0.0,0.0,0.0,0.0,0.0
242876,0.141,0.002,0.418,0.01,0.0,0.0,0.0,0.416,0.012,0.248,0.752,0.0,0.0,0.0,0.0,0.097,0.012,0.0,0.366,0.517,0.008,0.0,0.0,0.0,0.0
242877,0.149,0.0,0.39,0.0,0.0,0.011,0.006,0.445,0.0,0.457,0.537,0.005,0.001,0.0,0.0,0.096,0.009,0.002,0.294,0.597,0.002,0.0,0.0,0.0,0.0
242883,0.013,0.0,0.545,0.0,0.0,0.0,0.026,0.417,0.0,0.872,0.128,0.0,0.0,0.0,0.0,0.006,0.006,0.0,0.462,0.519,0.006,0.0,0.0,0.0,0.0
242887,0.143,0.0,0.286,0.0,0.0,0.0,0.0,0.571,0.0,0.571,0.429,0.0,0.0,0.0,0.0,0.0,0.0,0.0,0.143,0.857,0.0,0.0,0.0,0.0,0.0
242888,0.18,0.0,0.273,0.004,0.007,0.0,0.007,0.512,0.018,0.299,0.679,0.002,0.004,0.015,0.0,0.007,0.0,0.002,0.409,0.569,0.0,0.0,0.002,0.0,0.011
242902,0.0,0.0,1.0,0.0,0.0,0.0,0.0,0.0,0.0,0.0,1.0,0.0,0.0,0.0,0.0,0.0,0.0,0.0,1.0,0.0,0.0,0.0,0.0,0.0,0.0
242909,0.104,0.005,0.425,0.0,0.0,0.008,0.003,0.455,0.0,0.604,0.39,0.0,0.003,0.003,0.0,0.035,0.003,0.008,0.321,0.631,0.003,0.0,0.0,0.0,0.0
242913,0.0,0.0,1.0,0.0,0.0,0.0,0.0,0.0,0.0,0.0,1.0,0.0,0.0,0.0,0.0,0.0,0.0,0.0,0.0,1.0,0.0,0.0,0.0,0.0,0.0
242914,0.144,0.006,0.339,0.0,0.01,0.033,0.006,0.462,0.001,0.224,0.762,0.003,0.008,0.004,0.0,0.017,0.006,0.005,0.233,0.717,0.001,0.0,0.002,0.001,0.018
242915,0.088,0.0,0.324,0.0,0.029,0.0,0.0,0.559,0.0,0.206,0.794,0.0,0.0,0.0,0.0,0.0,0.0,0.0,0.0,1.0,0.0,0.0,0.0,0.0,0.0
242916,0.092,0.0,0.339,0.0,0.008,0.003,0.003,0.553,0.003,0.103,0.894,0.0,0.003,0.0,0.0,0.033,0.008,0.047,0.111,0.675,0.0,0.0,0.086,0.006,0.033
242919,0.25,0.0,0.0,0.0,0.0,0.25,0.0,0.5,0.0,0.0,1.0,0.0,0.0,0.0,0.0,0.0,0.0,0.0,0.0,1.0,0.0,0.0,0.0,0.0,0.0
242920,0.281,0.004,0.202,0.0,0.485,0.018,0.011,0.0,0.0,0.094,0.904,0.002,0.0,0.0,0.0,0.007,0.0,0.018,0.0,0.976,0.0,0.0,0.0,0.0,0.0
242921,0.0,0.0,0.0,0.0,1.0,0.0,0.0,0.0,0.0,1.0,0.0,0.0,0.0,0.0,0.0,1.0,0.0,0.0,0.0,0.0,0.0,0.0,0.0,0.0,0.0
242928,0.205,0.012,0.248,0.009,0.012,0.056,0.003,0.452,0.002,0.181,0.818,0.001,0.0,0.0,0.0,0.034,0.002,0.003,0.003,0.937,0.016,0.0,0.001,0.001,0.003
242929,0.021,0.006,0.535,0.002,0.036,0.019,0.006,0.372,0.002,0.374,0.626,0.0,0.0,0.0,0.0,0.03,0.023,0.011,0.03,0.871,0.019,0.0,0.0,0.015,0.002
242931,0.15,0.009,0.164,0.008,0.023,0.015,0.024,0.606,0.001,0.598,0.401,0.0,0.0,0.001,0.0,0.032,0.023,0.006,0.027,0.887,0.015,0.0,0.001,0.001,0.008
242936,0.123,0.006,0.012,0.0,0.0,0.018,0.006,0.836,0.0,0.064,0.918,0.006,0.012,0.0,0.0,0.006,0.0,0.0,0.029,0.965,0.0,0.0,0.0,0.0,0.0
242937,0.807,0.0,0.025,0.0,0.034,0.008,0.0,0.126,0.0,0.0,0.983,0.0,0.0,0.017,0.0,0.017,0.0,0.0,0.218,0.765,0.0,0.0,0.0,0.0,0.0
242939,0.192,0.0,0.257,0.0,0.0,0.015,0.0,0.536,0.0,0.062,0.938,0.0,0.0,0.0,0.0,0.0,0.17,0.115,0.353,0.356,0.0,0.0,0.0,0.0,0.006
242940,0.448,0.0,0.0,0.0,0.0,0.536,0.013,0.0,0.002,0.253,0.745,0.002,0.0,0.0,0.0,0.543,0.004,0.0,0.451,0.002,0.0,0.0,0.0,0.0,0.0
242942,0.981,0.0,0.0,0.0,0.0,0.0,0.0,0.019,0.0,0.558,0.404,0.0,0.0,0.0,0.038,0.0,0.135,0.0,0.846,0.0,0.0,0.0,0.0,0.019,0.0
242945,0.193,0.0,0.379,0.033,0.024,0.05,0.042,0.276,0.004,0.567,0.396,0.0,0.037,0.0,0.0,0.317,0.018,0.044,0.291,0.326,0.004,0.0,0.0,0.0,0.0
242946,0.239,0.0,0.184,0.004,0.018,0.094,0.004,0.433,0.024,0.247,0.75,0.002,0.002,0.0,0.0,0.114,0.017,0.007,0.32,0.505,0.015,0.0,0.0,0.002,0.02
242947,0.088,0.0,0.234,0.0,0.006,0.017,0.0,0.655,0.0,0.498,0.489,0.009,0.002,0.002,0.0,0.043,0.009,0.264,0.049,0.624,0.0,0.0,0.004,0.004,0.002
242948,0.079,0.007,0.144,0.0,0.0,0.003,0.007,0.652,0.108,0.38,0.616,0.003,0.0,0.0,0.0,0.026,0.01,0.01,0.351,0.603,0.0,0.0,0.0,0.0,0.0
242949,0.15,0.0,0.313,0.0,0.021,0.021,0.0,0.494,0.0,0.116,0.884,0.0,0.0,0.0,0.0,0.0,0.021,0.056,0.412,0.506,0.0,0.0,0.0,0.004,0.0
242950,0.395,0.004,0.035,0.0,0.004,0.224,0.0,0.338,0.0,0.009,0.987,0.004,0.0,0.0,0.0,0.202,0.0,0.0,0.474,0.167,0.0,0.0,0.0,0.009,0.149
242951,0.235,0.002,0.267,0.003,0.0,0.009,0.005,0.479,0.001,0.119,0.877,0.003,0.0,0.001,0.0,0.015,0.016,0.013,0.676,0.279,0.001,0.001,0.0,0.0,0.0
242952,0.694,0.0,0.171,0.0,0.0,0.0,0.0,0.135,0.0,0.252,0.748,0.0,0.0,0.0,0.0,0.0,0.117,0.009,0.658,0.216,0.0,0.0,0.0,0.0,0.0
242953,0.314,0.001,0.308,0.003,0.001,0.049,0.012,0.312,0.0,0.031,0.961,0.008,0.001,0.0,0.0,0.075,0.009,0.01,0.655,0.247,0.0,0.0,0.0,0.001,0.003
242954,0.42,0.005,0.37,0.0,0.0,0.025,0.012,0.165,0.002,0.042,0.938,0.017,0.0,0.002,0.0,0.025,0.01,0.015,0.299,0.64,0.002,0.002,0.0,0.0,0.007
242955,0.338,0.002,0.319,0.0,0.002,0.048,0.002,0.289,0.0,0.082,0.896,0.022,0.0,0.0,0.0,0.017,0.017,0.032,0.495,0.44,0.0,0.0,0.0,0.0,0.0
242957,0.545,0.0,0.023,0.0,0.0,0.034,0.0,0.398,0.0,0.045,0.943,0.011,0.0,0.0,0.0,0.057,0.045,0.023,0.295,0.443,0.0,0.0,0.0,0.0,0.136
242958,0.452,0.0,0.0,0.0,0.006,0.0,0.019,0.523,0.0,0.052,0.923,0.026,0.0,0.0,0.0,0.11,0.026,0.0,0.529,0.335,0.0,0.0,0.0,0.0,0.0
242959,0.183,0.007,0.145,0.0,0.032,0.0,0.021,0.612,0.0,0.344,0.634,0.002,0.021,0.0,0.0,0.046,0.024,0.01,0.274,0.6,0.039,0.003,0.0,0.003,0.0
242960,0.144,0.04,0.152,0.0,0.008,0.016,0.0,0.64,0.0,0.616,0.376,0.0,0.008,0.0,0.0,0.024,0.0,0.008,0.328,0.608,0.0,0.0,0.0,0.0,0.032
242963,0.438,0.001,0.077,0.012,0.001,0.015,0.002,0.45,0.003,0.071,0.928,0.0,0.001,0.0,0.0,0.056,0.048,0.073,0.091,0.723,0.001,0.0,0.0,0.005,0.003
242966,0.548,0.003,0.028,0.008,0.0,0.005,0.013,0.397,0.0,0.319,0.646,0.035,0.0,0.0,0.0,0.013,0.063,0.0,0.168,0.726,0.008,0.0,0.005,0.01,0.008
242968,0.54,0.0,0.0,0.02,0.0,0.0,0.01,0.429,0.0,0.308,0.692,0.0,0.0,0.0,0.0,0.172,0.066,0.025,0.308,0.429,0.0,0.0,0.0,0.0,0.0
242970,0.848,0.0,0.0,0.0,0.076,0.0,0.045,0.03,0.0,0.182,0.818,0.0,0.0,0.0,0.0,0.106,0.091,0.333,0.47,0.0,0.0,0.0,0.0,0.0,0.0
242971,0.509,0.017,0.194,0.0,0.008,0.01,0.004,0.256,0.002,0.002,0.994,0.002,0.0,0.002,0.0,0.01,0.097,0.0,0.027,0.866,0.0,0.0,0.0,0.0,0.0
242972,0.509,0.0,0.0,0.025,0.0,0.063,0.0,0.4,0.004,0.653,0.337,0.0,0.007,0.0,0.004,0.004,0.0,0.0,0.225,0.768,0.0,0.0,0.0,0.0,0.004
242974,0.286,0.0,0.35,0.0,0.0,0.003,0.003,0.35,0.007,0.34,0.623,0.037,0.0,0.0,0.0,0.003,0.003,0.0,0.04,0.953,0.0,0.0,0.0,0.0,0.0
242975,0.562,0.0,0.219,0.0,0.0,0.009,0.004,0.205,0.0,0.696,0.299,0.0,0.004,0.0,0.0,0.036,0.089,0.0,0.0,0.875,0.0,0.0,0.0,0.0,0.0
242976,0.458,0.0,0.0,0.0,0.0,0.075,0.007,0.402,0.059,0.065,0.935,0.0,0.0,0.0,0.0,0.003,0.033,0.0,0.183,0.781,0.0,0.0,0.0,0.0,0.0
242977,0.2,0.0,0.0,0.0,0.0,0.0,0.0,0.8,0.0,1.0,0.0,0.0,0.0,0.0,0.0,0.0,0.0,0.0,0.4,0.6,0.0,0.0,0.0,0.0,0.0
242978,0.203,0.0,0.161,0.034,0.0,0.0,0.0,0.602,0.0,0.161,0.839,0.0,0.0,0.0,0.0,0.0,0.0,0.025,0.525,0.441,0.0,0.0,0.0,0.0,0.008
242979,0.385,0.0,0.035,0.0,0.0,0.015,0.046,0.518,0.0,0.057,0.938,0.004,0.0,0.0,0.0,0.031,0.031,0.0,0.35,0.581,0.0,0.007,0.0,0.0,0.0
242980,0.467,0.005,0.01,0.002,0.003,0.0,0.002,0.512,0.0,0.019,0.973,0.002,0.003,0.0,0.003,0.08,0.083,0.0,0.27,0.567,0.0,0.0,0.0,0.0,0.0
242982,0.538,0.0,0.008,0.0,0.007,0.034,0.003,0.41,0.0,0.159,0.833,0.002,0.002,0.005,0.0,0.039,0.059,0.005,0.608,0.262,0.016,0.0,0.0,0.0,0.01
242984,0.446,0.011,0.074,0.011,0.008,0.099,0.0,0.339,0.011,0.029,0.781,0.11,0.019,0.061,0.0,0.046,0.061,0.072,0.661,0.15,0.0,0.0,0.0,0.0,0.01
242985,0.7,0.0,0.0,0.0,0.0,0.0,0.0,0.3,0.0,0.0,1.0,0.0,0.0,0.0,0.0,0.0,0.0,0.0,0.52,0.48,0.0,0.0,0.0,0.0,0.0
242986,0.618,0.0,0.069,0.004,0.0,0.004,0.011,0.275,0.019,0.309,0.691,0.0,0.0,0.0,0.0,0.004,0.0,0.0,0.817,0.16,0.004,0.004,0.0,0.008,0.004
242987,0.357,0.0,0.196,0.003,0.0,0.0,0.006,0.435,0.003,0.345,0.652,0.003,0.0,0.0,0.0,0.006,0.024,0.021,0.571,0.378,0.0,0.0,0.0,0.0,0.0
242988,0.84,0.0,0.0,0.0,0.0,0.0,0.0,0.16,0.0,0.0,0.993,0.007,0.0,0.0,0.0,0.0,0.049,0.104,0.542,0.306,0.0,0.0,0.0,0.0,0.0
242989,0.188,0.0,0.0,0.0,0.0,0.0,0.031,0.781,0.0,0.0,1.0,0.0,0.0,0.0,0.0,0.188,0.0,0.0,0.812,0.0,0.0,0.0,0.0,0.0,0.0
242990,0.188,0.0,0.0,0.0,0.0,0.0,0.0,0.812,0.0,0.0,1.0,0.0,0.0,0.0,0.0,0.188,0.0,0.0,0.812,0.0,0.0,0.0,0.0,0.0,0.0
242993,0.603,0.0,0.151,0.0,0.0,0.0,0.007,0.24,0.0,0.0,1.0,0.0,0.0,0.0,0.0,0.014,0.144,0.0,0.705,0.137,0.0,0.0,0.0,0.0,0.0
242995,0.571,0.003,0.167,0.007,0.005,0.006,0.004,0.234,0.004,0.037,0.958,0.002,0.003,0.0,0.0,0.008,0.057,0.005,0.641,0.265,0.0,0.0,0.001,0.0,0.024
242996,0.845,0.0,0.047,0.0,0.078,0.013,0.004,0.009,0.004,0.06,0.931,0.009,0.0,0.0,0.0,0.216,0.047,0.22,0.444,0.073,0.0,0.0,0.0,0.0,0.0
242998,0.359,0.003,0.184,0.0,0.093,0.117,0.009,0.236,0.0,0.126,0.86,0.009,0.0,0.0,0.005,0.053,0.006,0.184,0.454,0.275,0.0,0.002,0.0,0.0,0.026
242999,0.249,0.0,0.052,0.004,0.0,0.004,0.017,0.674,0.0,0.202,0.798,0.0,0.0,0.0,0.0,0.0,0.0,0.009,0.536,0.451,0.004,0.0,0.0,0.0,0.0
243000,0.378,0.0,0.035,0.064,0.001,0.098,0.008,0.416,0.0,0.424,0.555,0.019,0.001,0.001,0.0,0.015,0.001,0.015,0.358,0.607,0.0,0.0,0.001,0.001,0.001
243002,0.176,0.0,0.0,0.0,0.0,0.27,0.0,0.554,0.0,0.189,0.811,0.0,0.0,0.0,0.0,0.0,0.0,0.027,0.135,0.838,0.0,0.0,0.0,0.0,0.0
243003,0.409,0.003,0.006,0.0,0.0,0.003,0.006,0.572,0.0,0.466,0.531,0.0,0.0,0.003,0.0,0.154,0.011,0.003,0.027,0.805,0.0,0.0,0.0,0.0,0.0
243004,0.577,0.0,0.087,0.0,0.0,0.303,0.034,0.0,0.0,0.481,0.519,0.0,0.0,0.0,0.0,0.072,0.0,0.048,0.082,0.798,0.0,0.0,0.0,0.0,0.0
243005,0.497,0.0,0.075,0.006,0.0,0.006,0.006,0.41,0.0,0.335,0.658,0.006,0.0,0.0,0.0,0.112,0.056,0.093,0.124,0.615,0.0,0.0,0.0,0.0,0.0
243006,0.28,0.004,0.051,0.004,0.039,0.084,0.001,0.535,0.001,0.298,0.7,0.002,0.0,0.0,0.0,0.013,0.02,0.018,0.418,0.487,0.0,0.0,0.0,0.0,0.044
243007,0.531,0.0,0.161,0.014,0.0,0.0,0.0,0.294,0.0,0.379,0.614,0.002,0.0,0.005,0.0,0.009,0.002,0.326,0.345,0.29,0.002,0.018,0.0,0.007,0.0
243009,0.346,0.001,0.131,0.004,0.01,0.044,0.012,0.452,0.0,0.274,0.722,0.002,0.0,0.001,0.0,0.026,0.009,0.064,0.005,0.865,0.004,0.0,0.0,0.0,0.028
243010,0.311,0.007,0.057,0.012,0.016,0.057,0.02,0.516,0.004,0.287,0.706,0.005,0.0,0.003,0.0,0.045,0.012,0.01,0.19,0.717,0.007,0.0,0.002,0.002,0.015
243011,0.367,0.005,0.066,0.0,0.0,0.005,0.005,0.552,0.0,0.292,0.703,0.005,0.0,0.0,0.0,0.029,0.027,0.007,0.134,0.793,0.0,0.002,0.0,0.005,0.002
243013,0.385,0.0,0.025,0.009,0.021,0.005,0.005,0.55,0.0,0.722,0.278,0.0,0.0,0.0,0.0,0.002,0.007,0.004,0.0,0.988,0.0,0.0,0.0,0.0,0.0
243014,0.463,0.0,0.093,0.032,0.003,0.01,0.003,0.395,0.0,0.013,0.981,0.006,0.0,0.0,0.0,0.026,0.0,0.013,0.029,0.926,0.0,0.0,0.0,0.003,0.003
243016,0.439,0.0,0.258,0.025,0.012,0.004,0.0,0.262,0.0,0.361,0.59,0.004,0.0,0.045,0.0,0.008,0.0,0.029,0.0,0.963,0.0,0.0,0.0,0.0,0.0
243017,0.77,0.02,0.007,0.0,0.0,0.0,0.0,0.204,0.0,0.0,1.0,0.0,0.0,0.0,0.0,0.0,0.0,0.0,0.059,0.941,0.0,0.0,0.0,0.0,0.0
243018,0.418,0.0,0.112,0.003,0.008,0.387,0.008,0.055,0.01,0.005,0.984,0.01,0.0,0.0,0.0,0.088,0.096,0.01,0.506,0.299,0.0,0.0,0.0,0.0,0.0
243019,0.464,0.001,0.052,0.018,0.001,0.029,0.004,0.431,0.0,0.186,0.808,0.001,0.0,0.005,0.0,0.046,0.005,0.008,0.322,0.613,0.001,0.0,0.004,0.0,0.0
243021,0.301,0.0,0.121,0.004,0.0,0.013,0.004,0.556,0.0,0.452,0.464,0.0,0.0,0.084,0.0,0.004,0.013,0.004,0.331,0.644,0.0,0.004,0.0,0.0,0.0
243022,0.26,0.0,0.191,0.012,0.073,0.152,0.0,0.311,0.001,0.352,0.648,0.0,0.0,0.0,0.0,0.018,0.016,0.101,0.323,0.524,0.012,0.001,0.0,0.001,0.004
243023,0.442,0.003,0.152,0.006,0.009,0.02,0.013,0.355,0.0,0.16,0.835,0.005,0.0,0.0,0.0,0.07,0.027,0.046,0.229,0.618,0.001,0.001,0.007,0.001,0.0
243024,0.396,0.001,0.264,0.0,0.001,0.005,0.003,0.331,0.0,0.238,0.755,0.007,0.0,0.0,0.0,0.008,0.054,0.003,0.399,0.536,0.0,0.0,0.0,0.0,0.0
243025,0.219,0.0,0.396,0.006,0.017,0.04,0.0,0.322,0.0,0.265,0.735,0.0,0.0,0.0,0.0,0.054,0.04,0.0,0.271,0.635,0.0,0.0,0.0,0.0,0.0
243026,0.538,0.014,0.102,0.0,0.0,0.031,0.0,0.306,0.008,0.085,0.912,0.003,0.0,0.0,0.0,0.006,0.0,0.057,0.343,0.592,0.0,0.0,0.0,0.003,0.0
243027,0.053,0.211,0.658,0.0,0.0,0.0,0.0,0.079,0.0,0.737,0.263,0.0,0.0,0.0,0.0,0.0,0.0,0.0,0.368,0.632,0.0,0.0,0.0,0.0,0.0
243028,0.104,0.0,0.771,0.0,0.0,0.021,0.0,0.104,0.0,0.75,0.25,0.0,0.0,0.0,0.0,0.0,0.0,0.0,0.625,0.375,0.0,0.0,0.0,0.0,0.0
243029,0.716,0.0,0.0,0.0,0.0,0.0,0.0,0.284,0.0,0.11,0.881,0.0,0.009,0.0,0.0,0.018,0.248,0.11,0.606,0.0,0.0,0.009,0.0,0.009,0.0
243030,0.711,0.0,0.205,0.0,0.012,0.012,0.0,0.06,0.0,0.012,0.988,0.0,0.0,0.0,0.0,0.024,0.012,0.0,0.699,0.265,0.0,0.0,0.0,0.0,0.0
243031,0.169,0.003,0.119,0.003,0.0,0.016,0.0,0.69,0.0,0.141,0.846,0.013,0.0,0.0,0.0,0.019,0.009,0.022,0.486,0.386,0.0,0.0,0.0,0.0,0.078
243032,0.315,0.013,0.148,0.0,0.0,0.003,0.003,0.517,0.0,0.148,0.852,0.0,0.0,0.0,0.0,0.02,0.07,0.054,0.218,0.628,0.0,0.0,0.007,0.003,0.0
243033,0.621,0.0,0.138,0.0,0.0,0.0,0.0,0.241,0.0,0.0,1.0,0.0,0.0,0.0,0.0,0.0,0.0,0.0,0.31,0.69,0.0,0.0,0.0,0.0,0.0
243034,0.29,0.001,0.143,0.0,0.0,0.002,0.0,0.562,0.001,0.322,0.665,0.0,0.013,0.0,0.0,0.02,0.018,0.02,0.359,0.57,0.0,0.0,0.0,0.004,0.01
243035,0.238,0.0,0.156,0.0,0.0,0.0,0.0,0.607,0.0,0.0,0.951,0.049,0.0,0.0,0.0,0.0,0.0,0.0,0.123,0.877,0.0,0.0,0.0,0.0,0.0
243036,0.2,0.0,0.1,0.0,0.0,0.0,0.0,0.7,0.0,1.0,0.0,0.0,0.0,0.0,0.0,0.0,0.0,0.0,0.5,0.5,0.0,0.0,0.0,0.0,0.0
243038,0.247,0.0,0.483,0.013,0.002,0.002,0.006,0.247,0.0,0.036,0.964,0.0,0.0,0.0,0.0,0.002,0.0,0.004,0.734,0.26,0.0,0.0,0.0,0.0,0.0
243039,0.126,0.015,0.191,0.205,0.009,0.009,0.006,0.44,0.0,0.009,0.979,0.009,0.003,0.0,0.0,0.0,0.006,0.0,0.062,0.924,0.0,0.0,0.0,0.006,0.003
243040,0.14,0.007,0.29,0.003,0.021,0.287,0.0,0.252,0.0,0.0,1.0,0.0,0.0,0.0,0.0,0.0,0.0,0.0,0.143,0.846,0.0,0.0,0.003,0.003,0.003
243041,0.214,0.004,0.162,0.064,0.014,0.04,0.001,0.499,0.001,0.005,0.98,0.011,0.0,0.003,0.0,0.164,0.039,0.026,0.243,0.515,0.001,0.0,0.0,0.004,0.008
243042,0.371,0.003,0.545,0.0,0.0,0.012,0.003,0.065,0.0,0.0,1.0,0.0,0.0,0.0,0.0,0.0,0.0,0.031,0.234,0.735,0.0,0.0,0.0,0.0,0.0
243043,0.124,0.0,0.041,0.0,0.0,0.0,0.0,0.835,0.0,0.0,1.0,0.0,0.0,0.0,0.0,0.0,0.0,0.0,0.567,0.433,0.0,0.0,0.0,0.0,0.0
243045,0.237,0.006,0.399,0.023,0.0,0.0,0.017,0.318,0.0,0.012,0.925,0.046,0.0,0.017,0.0,0.0,0.023,0.023,0.04,0.855,0.0,0.0,0.0,0.0,0.058
243046,0.007,0.007,0.625,0.015,0.0,0.007,0.0,0.324,0.015,0.0,0.941,0.051,0.0,0.007,0.0,0.0,0.022,0.0,0.015,0.882,0.0,0.0,0.0,0.0,0.081
243047,0.0,0.0,0.389,0.025,0.006,0.0,0.0,0.58,0.0,0.0,0.969,0.006,0.0,0.025,0.0,0.019,0.0,0.031,0.167,0.784,0.0,0.0,0.0,0.0,0.0
243048,0.372,0.004,0.197,0.021,0.018,0.06,0.014,0.311,0.003,0.055,0.934,0.01,0.001,0.0,0.0,0.073,0.043,0.006,0.484,0.393,0.001,0.0,0.0,0.0,0.0
243049,0.462,0.022,0.18,0.025,0.0,0.003,0.003,0.297,0.006,0.0,0.968,0.003,0.025,0.0,0.003,0.013,0.051,0.0,0.823,0.108,0.0,0.0,0.003,0.0,0.003
243050,0.528,0.0,0.0,0.0,0.0,0.0,0.0,0.472,0.0,0.0,1.0,0.0,0.0,0.0,0.0,0.0,0.0,0.0,0.0,0.981,0.0,0.019,0.0,0.0,0.0
243051,0.868,0.0,0.079,0.053,0.0,0.0,0.0,0.0,0.0,0.0,0.763,0.132,0.0,0.105,0.0,0.053,0.0,0.0,0.526,0.026,0.0,0.053,0.316,0.026,0.0
243052,0.623,0.019,0.358,0.0,0.0,0.0,0.0,0.0,0.0,0.0,0.981,0.0,0.0,0.019,0.0,0.0,0.0,0.0,1.0,0.0,0.0,0.0,0.0,0.0,0.0
243054,0.72,0.02,0.16,0.0,0.08,0.02,0.0,0.0,0.0,0.78,0.22,0.0,0.0,0.0,0.0,0.0,0.14,0.0,0.86,0.0,0.0,0.0,0.0,0.0,0.0
801359,0.322,0.004,0.135,0.007,0.019,0.048,0.024,0.42,0.021,0.448,0.548,0.002,0.002,0.001,0.0,0.046,0.026,0.019,0.181,0.686,0.016,0.0,0.003,0.001,0.022
243056,0.523,0.0,0.289,0.0,0.0,0.013,0.0,0.174,0.0,0.101,0.886,0.013,0.0,0.0,0.0,0.007,0.0,0.0,0.0,0.993,0.0,0.0,0.0,0.0,0.0
243058,0.678,0.01,0.063,0.003,0.016,0.059,0.011,0.157,0.001,0.078,0.921,0.001,0.0,0.0,0.0,0.085,0.003,0.0,0.019,0.883,0.005,0.0,0.001,0.002,0.001
243060,0.482,0.0,0.098,0.007,0.029,0.046,0.023,0.316,0.0,0.593,0.394,0.0,0.013,0.0,0.0,0.007,0.003,0.013,0.326,0.651,0.0,0.0,0.0,0.0,0.0
243061,0.176,0.0,0.258,0.003,0.0,0.024,0.01,0.525,0.003,0.01,0.586,0.017,0.0,0.386,0.0,0.01,0.007,0.007,0.003,0.973,0.0,0.0,0.0,0.0,0.0
243064,0.386,0.008,0.143,0.014,0.005,0.011,0.018,0.414,0.001,0.125,0.872,0.001,0.0,0.001,0.0,0.005,0.009,0.006,0.066,0.896,0.001,0.0,0.0,0.0,0.017
243065,0.46,0.0,0.03,0.0,0.0,0.0,0.03,0.48,0.0,0.0,1.0,0.0,0.0,0.0,0.0,0.005,0.0,0.005,0.177,0.813,0.0,0.0,0.0,0.0,0.0
243066,0.372,0.0,0.047,0.005,0.0,0.0,0.023,0.553,0.0,0.605,0.381,0.0,0.0,0.0,0.014,0.0,0.0,0.0,0.033,0.967,0.0,0.0,0.0,0.0,0.0
243067,0.426,0.043,0.319,0.021,0.0,0.043,0.043,0.106,0.0,0.936,0.064,0.0,0.0,0.0,0.0,0.128,0.085,0.0,0.553,0.191,0.0,0.021,0.0,0.021,0.0
243068,0.234,0.0,0.447,0.0,0.0,0.0,0.043,0.277,0.0,0.489,0.511,0.0,0.0,0.0,0.0,0.0,0.0,0.0,0.106,0.894,0.0,0.0,0.0,0.0,0.0
243069,0.348,0.005,0.025,0.0,0.0,0.005,0.02,0.596,0.0,0.005,0.99,0.005,0.0,0.0,0.0,0.0,0.01,0.0,0.01,0.975,0.005,0.0,0.0,0.0,0.0
243070,0.607,0.0,0.022,0.004,0.0,0.254,0.015,0.099,0.0,0.327,0.673,0.0,0.0,0.0,0.0,0.022,0.04,0.0,0.118,0.816,0.0,0.0,0.0,0.004,0.0
243071,0.372,0.026,0.119,0.022,0.013,0.058,0.045,0.343,0.003,0.596,0.401,0.003,0.0,0.0,0.0,0.003,0.013,0.042,0.128,0.798,0.006,0.003,0.0,0.003,0.003
243072,0.479,0.0,0.05,0.0,0.004,0.018,0.007,0.433,0.011,0.596,0.404,0.0,0.0,0.0,0.0,0.0,0.0,0.0,0.301,0.699,0.0,0.0,0.0,0.0,0.0
243073,0.426,0.002,0.141,0.004,0.0,0.002,0.031,0.386,0.008,0.13,0.862,0.008,0.0,0.0,0.0,0.031,0.11,0.023,0.078,0.754,0.0,0.0,0.0,0.004,0.0
243074,0.404,0.0,0.091,0.001,0.001,0.025,0.029,0.449,0.0,0.275,0.725,0.0,0.0,0.0,0.0,0.006,0.05,0.023,0.24,0.68,0.0,0.001,0.0,0.0,0.0
243078,0.116,0.021,0.4,0.0,0.0,0.0,0.0,0.463,0.0,0.0,1.0,0.0,0.0,0.0,0.0,0.0,0.0,0.0,0.021,0.979,0.0,0.0,0.0,0.0,0.0
243081,0.428,0.006,0.118,0.001,0.019,0.061,0.033,0.334,0.0,0.146,0.851,0.003,0.0,0.0,0.0,0.038,0.037,0.007,0.328,0.482,0.001,0.0,0.0,0.0,0.105
243083,0.417,0.0,0.0,0.0,0.0,0.0,0.0,0.583,0.0,0.042,0.958,0.0,0.0,0.0,0.0,0.0,0.0,0.0,0.125,0.208,0.0,0.0,0.0,0.0,0.667
243084,0.575,0.005,0.067,0.01,0.005,0.01,0.0,0.326,0.0,0.078,0.922,0.0,0.0,0.0,0.0,0.0,0.0,0.005,0.798,0.192,0.005,0.0,0.0,0.0,0.0
243085,0.373,0.014,0.004,0.0,0.007,0.004,0.047,0.545,0.007,0.014,0.978,0.004,0.004,0.0,0.0,0.022,0.004,0.0,0.491,0.48,0.0,0.0,0.0,0.004,0.0
243088,0.441,0.0,0.022,0.0,0.0,0.081,0.0,0.449,0.007,0.199,0.801,0.0,0.0,0.0,0.0,0.015,0.088,0.0,0.309,0.507,0.0,0.0,0.0,0.0,0.081
243090,0.125,0.0,0.0,0.0,0.0,0.0,0.0,0.875,0.0,0.0,1.0,0.0,0.0,0.0,0.0,0.0,0.0,0.0,0.062,0.938,0.0,0.0,0.0,0.0,0.0
243094,0.539,0.006,0.158,0.009,0.0,0.034,0.006,0.226,0.023,0.063,0.937,0.0,0.0,0.0,0.0,0.003,0.003,0.011,0.587,0.395,0.0,0.0,0.0,0.0,0.0
243096,0.197,0.0,0.138,0.009,0.013,0.019,0.013,0.611,0.0,0.589,0.408,0.0,0.0,0.003,0.0,0.006,0.0,0.0,0.229,0.765,0.0,0.0,0.0,0.0,0.0
243097,0.844,0.0,0.0,0.0,0.0,0.0,0.0,0.156,0.0,0.281,0.719,0.0,0.0,0.0,0.0,0.0,0.0,0.0,0.0,1.0,0.0,0.0,0.0,0.0,0.0
243098,0.351,0.03,0.282,0.005,0.0,0.04,0.059,0.233,0.0,0.327,0.668,0.005,0.0,0.0,0.0,0.0,0.0,0.005,0.193,0.802,0.0,0.0,0.0,0.0,0.0
243099,0.406,0.021,0.042,0.0,0.0,0.014,0.042,0.476,0.0,0.643,0.315,0.0,0.0,0.042,0.0,0.0,0.014,0.021,0.147,0.818,0.0,0.0,0.0,0.0,0.0
243103,0.166,0.007,0.067,0.002,0.001,0.009,0.084,0.663,0.0,0.433,0.566,0.0,0.0,0.001,0.0,0.011,0.001,0.006,0.216,0.752,0.001,0.002,0.001,0.003,0.006
243106,0.349,0.002,0.119,0.012,0.005,0.034,0.029,0.45,0.0,0.661,0.339,0.0,0.0,0.0,0.0,0.002,0.0,0.007,0.368,0.598,0.002,0.0,0.01,0.012,0.0
243107,0.15,0.008,0.05,0.038,0.0,0.006,0.018,0.729,0.0,0.473,0.525,0.0,0.0,0.002,0.0,0.0,0.002,0.008,0.056,0.924,0.0,0.0,0.0,0.0,0.01
243108,0.237,0.011,0.032,0.016,0.011,0.005,0.016,0.674,0.0,0.374,0.626,0.0,0.0,0.0,0.0,0.026,0.005,0.0,0.337,0.632,0.0,0.0,0.0,0.0,0.0
243109,0.197,0.003,0.138,0.003,0.014,0.023,0.037,0.585,0.0,0.194,0.806,0.0,0.0,0.0,0.0,0.009,0.002,0.009,0.215,0.766,0.0,0.0,0.0,0.0,0.0
243110,0.419,0.0,0.032,0.0,0.0,0.0,0.054,0.495,0.0,0.602,0.398,0.0,0.0,0.0,0.0,0.0,0.0,0.0,0.634,0.366,0.0,0.0,0.0,0.0,0.0
243111,0.353,0.0,0.009,0.0,0.0,0.031,0.067,0.54,0.0,0.67,0.33,0.0,0.0,0.0,0.0,0.0,0.004,0.004,0.196,0.384,0.0,0.0,0.0,0.0,0.411
243112,0.443,0.009,0.053,0.022,0.0,0.053,0.022,0.399,0.0,0.022,0.978,0.0,0.0,0.0,0.0,0.0,0.009,0.0,0.175,0.816,0.0,0.0,0.0,0.0,0.0
243113,0.558,0.0,0.037,0.0,0.0,0.015,0.022,0.367,0.0,0.022,0.978,0.0,0.0,0.0,0.0,0.0,0.0,0.0,0.004,0.996,0.0,0.0,0.0,0.0,0.0
243114,0.44,0.003,0.201,0.009,0.0,0.009,0.009,0.329,0.0,0.162,0.835,0.003,0.0,0.0,0.0,0.0,0.006,0.0,0.078,0.913,0.0,0.0,0.0,0.003,0.0
243115,0.528,0.001,0.009,0.016,0.004,0.186,0.026,0.228,0.001,0.17,0.827,0.003,0.0,0.0,0.0,0.016,0.0,0.009,0.035,0.937,0.0,0.0,0.001,0.001,0.0
243116,0.615,0.0,0.0,0.0,0.0,0.377,0.008,0.0,0.0,0.992,0.008,0.0,0.0,0.0,0.0,0.0,0.0,0.0,0.0,1.0,0.0,0.0,0.0,0.0,0.0
243117,0.495,0.0,0.112,0.0,0.005,0.158,0.0,0.23,0.0,0.648,0.352,0.0,0.0,0.0,0.0,0.0,0.0,0.01,0.066,0.923,0.0,0.0,0.0,0.0,0.0
243118,0.398,0.013,0.043,0.004,0.009,0.022,0.0,0.506,0.004,0.143,0.857,0.0,0.0,0.0,0.0,0.004,0.017,0.0,0.134,0.844,0.0,0.0,0.0,0.0,0.0
243119,0.363,0.017,0.043,0.005,0.014,0.038,0.043,0.469,0.007,0.272,0.728,0.0,0.0,0.0,0.0,0.0,0.01,0.01,0.017,0.962,0.0,0.0,0.002,0.0,0.0
243120,0.605,0.0,0.0,0.0,0.006,0.013,0.013,0.363,0.0,0.146,0.847,0.006,0.0,0.0,0.0,0.0,0.0,0.0,0.0,1.0,0.0,0.0,0.0,0.0,0.0
243121,0.4,0.0,0.142,0.009,0.062,0.031,0.009,0.347,0.0,0.124,0.867,0.004,0.0,0.004,0.0,0.173,0.062,0.0,0.076,0.6,0.0,0.0,0.0,0.0,0.089
243123,0.061,0.004,0.12,0.004,0.007,0.015,0.05,0.738,0.001,0.688,0.301,0.002,0.003,0.006,0.0,0.019,0.021,0.045,0.172,0.722,0.015,0.0,0.001,0.001,0.004
243124,0.347,0.0,0.042,0.0,0.0,0.0,0.0,0.611,0.0,0.014,0.986,0.0,0.0,0.0,0.0,0.0,0.0,0.0,0.222,0.778,0.0,0.0,0.0,0.0,0.0
243125,0.256,0.024,0.329,0.0,0.0,0.0,0.378,0.012,0.0,0.537,0.402,0.012,0.012,0.0,0.037,0.037,0.012,0.061,0.024,0.841,0.024,0.0,0.0,0.0,0.0
243126,0.462,0.0,0.192,0.0,0.0,0.0,0.115,0.231,0.0,0.462,0.538,0.0,0.0,0.0,0.0,0.0,0.0,0.0,0.038,0.962,0.0,0.0,0.0,0.0,0.0
243130,0.266,0.004,0.016,0.0,0.0,0.0,0.059,0.656,0.0,0.008,0.98,0.008,0.0,0.004,0.0,0.004,0.016,0.0,0.0,0.98,0.0,0.0,0.0,0.0,0.0
243132,0.27,0.003,0.093,0.0,0.0,0.013,0.081,0.542,0.0,0.506,0.491,0.003,0.0,0.0,0.0,0.008,0.0,0.003,0.161,0.826,0.003,0.0,0.0,0.0,0.0
243134,0.245,0.011,0.103,0.013,0.004,0.121,0.034,0.468,0.001,0.19,0.803,0.002,0.004,0.001,0.0,0.02,0.009,0.033,0.349,0.575,0.001,0.001,0.0,0.0,0.01
243135,0.441,0.0,0.047,0.009,0.002,0.033,0.047,0.42,0.002,0.021,0.979,0.0,0.0,0.0,0.0,0.247,0.033,0.007,0.054,0.573,0.0,0.002,0.002,0.0,0.082
243138,0.558,0.005,0.021,0.018,0.008,0.005,0.01,0.375,0.0,0.16,0.84,0.0,0.0,0.0,0.0,0.186,0.09,0.023,0.062,0.63,0.005,0.003,0.0,0.0,0.0
243141,0.618,0.0,0.034,0.013,0.029,0.002,0.01,0.292,0.002,0.01,0.99,0.0,0.0,0.0,0.0,0.29,0.006,0.002,0.002,0.7,0.0,0.0,0.0,0.0,0.0
243144,0.314,0.0,0.023,0.0,0.0,0.0,0.006,0.657,0.0,0.297,0.697,0.0,0.0,0.006,0.0,0.0,0.0,0.0,0.0,1.0,0.0,0.0,0.0,0.0,0.0
243145,0.29,0.005,0.047,0.0,0.0,0.009,0.051,0.598,0.0,0.243,0.757,0.0,0.0,0.0,0.0,0.0,0.0,0.019,0.093,0.883,0.0,0.005,0.0,0.0,0.0
243146,0.634,0.0,0.006,0.0,0.0,0.026,0.003,0.326,0.006,0.029,0.971,0.0,0.0,0.0,0.0,0.009,0.0,0.0,0.32,0.672,0.0,0.0,0.0,0.0,0.0
243147,0.335,0.001,0.121,0.001,0.006,0.142,0.038,0.346,0.01,0.075,0.924,0.0,0.0,0.001,0.0,0.004,0.002,0.004,0.125,0.863,0.0,0.0,0.0,0.002,0.0
243150,0.284,0.0,0.014,0.0,0.0,0.027,0.027,0.649,0.0,0.284,0.716,0.0,0.0,0.0,0.0,0.0,0.0,0.0,0.635,0.365,0.0,0.0,0.0,0.0,0.0
243151,0.213,0.003,0.091,0.0,0.0,0.012,0.018,0.66,0.003,0.426,0.568,0.006,0.0,0.0,0.0,0.006,0.012,0.018,0.152,0.711,0.0,0.0,0.003,0.0,0.097
243152,0.313,0.008,0.031,0.008,0.0,0.008,0.0,0.634,0.0,0.527,0.473,0.0,0.0,0.0,0.0,0.0,0.015,0.008,0.13,0.847,0.0,0.0,0.0,0.0,0.0
243153,0.257,0.002,0.042,0.006,0.019,0.0,0.034,0.634,0.006,0.421,0.579,0.0,0.0,0.0,0.0,0.006,0.002,0.019,0.116,0.832,0.025,0.0,0.0,0.0,0.0
243154,0.114,0.011,0.061,0.0,0.0,0.006,0.046,0.762,0.0,0.629,0.363,0.0,0.002,0.006,0.0,0.0,0.0,0.004,0.076,0.863,0.013,0.0,0.0,0.0,0.044
243155,0.332,0.004,0.206,0.0,0.022,0.002,0.059,0.375,0.0,0.301,0.699,0.0,0.0,0.0,0.0,0.167,0.0,0.002,0.102,0.729,0.0,0.0,0.0,0.0,0.0
243156,0.186,0.009,0.011,0.0,0.043,0.005,0.009,0.736,0.0,0.143,0.85,0.005,0.0,0.0,0.002,0.02,0.002,0.002,0.111,0.832,0.0,0.0,0.0,0.005,0.027
243157,0.345,0.006,0.034,0.009,0.019,0.017,0.035,0.534,0.0,0.177,0.776,0.011,0.031,0.003,0.002,0.051,0.084,0.068,0.412,0.379,0.0,0.002,0.0,0.002,0.0
243158,0.442,0.0,0.0,0.0,0.0,0.186,0.0,0.372,0.0,0.047,0.953,0.0,0.0,0.0,0.0,0.0,0.0,0.0,0.512,0.488,0.0,0.0,0.0,0.0,0.0
243159,0.515,0.0,0.029,0.0,0.0,0.0,0.0,0.456,0.0,0.456,0.544,0.0,0.0,0.0,0.0,0.015,0.0,0.0,0.074,0.912,0.0,0.0,0.0,0.0,0.0
243160,0.306,0.01,0.076,0.0,0.007,0.007,0.024,0.57,0.0,0.532,0.468,0.0,0.0,0.0,0.0,0.002,0.005,0.005,0.017,0.971,0.0,0.0,0.0,0.0,0.0
243161,0.223,0.0,0.048,0.008,0.003,0.006,0.037,0.675,0.0,0.681,0.319,0.0,0.0,0.0,0.0,0.0,0.0,0.0,0.144,0.853,0.0,0.0,0.0,0.0,0.003
243163,0.455,0.0,0.004,0.0,0.017,0.004,0.047,0.472,0.0,0.643,0.204,0.0,0.0,0.0,0.153,0.072,0.03,0.0,0.017,0.753,0.0,0.0,0.0,0.0,0.128
243164,0.217,0.0,0.179,0.0,0.0,0.019,0.0,0.585,0.0,0.264,0.717,0.0,0.0,0.019,0.0,0.0,0.038,0.019,0.075,0.868,0.0,0.0,0.0,0.0,0.0
243165,0.394,0.0,0.046,0.0,0.0,0.012,0.008,0.539,0.0,0.104,0.896,0.0,0.0,0.0,0.0,0.0,0.0,0.0,0.174,0.813,0.012,0.0,0.0,0.0,0.0
243167,0.372,0.007,0.328,0.0,0.0,0.007,0.0,0.285,0.0,0.226,0.774,0.0,0.0,0.0,0.0,0.007,0.0,0.007,0.044,0.927,0.0,0.0,0.0,0.0,0.015
243168,0.49,0.012,0.12,0.0,0.0,0.008,0.027,0.344,0.0,0.259,0.722,0.019,0.0,0.0,0.0,0.012,0.004,0.0,0.077,0.903,0.0,0.0,0.0,0.004,0.0
243169,0.348,0.012,0.0,0.0,0.0,0.008,0.008,0.623,0.0,0.296,0.7,0.004,0.0,0.0,0.0,0.008,0.04,0.004,0.328,0.599,0.0,0.0,0.0,0.0,0.02
243171,0.213,0.007,0.018,0.0,0.05,0.532,0.007,0.174,0.0,0.454,0.504,0.0,0.0,0.0,0.043,0.074,0.0,0.039,0.113,0.773,0.0,0.0,0.0,0.0,0.0
243173,0.362,0.018,0.007,0.0,0.002,0.05,0.018,0.542,0.0,0.135,0.86,0.004,0.0,0.002,0.0,0.009,0.002,0.013,0.066,0.908,0.0,0.0,0.002,0.0,0.0
243175,0.986,0.0,0.0,0.0,0.0,0.0,0.0,0.014,0.0,0.0,1.0,0.0,0.0,0.0,0.0,0.029,0.087,0.0,0.0,0.884,0.0,0.0,0.0,0.0,0.0
243177,0.326,0.009,0.09,0.013,0.03,0.031,0.027,0.466,0.008,0.35,0.628,0.006,0.016,0.0,0.0,0.076,0.006,0.004,0.016,0.893,0.001,0.0,0.001,0.003,0.0
243178,0.073,0.0,0.0,0.0,0.0,0.0,0.018,0.909,0.0,0.0,1.0,0.0,0.0,0.0,0.0,0.009,0.0,0.0,0.0,0.991,0.0,0.0,0.0,0.0,0.0
243181,0.452,0.0,0.037,0.0,0.0,0.186,0.0,0.319,0.005,0.0,1.0,0.0,0.0,0.0,0.0,0.59,0.372,0.016,0.005,0.016,0.0,0.0,0.0,0.0,0.0
243182,0.356,0.004,0.051,0.002,0.007,0.004,0.033,0.54,0.002,0.066,0.934,0.0,0.0,0.0,0.0,0.0,0.0,0.002,0.009,0.985,0.0,0.0,0.0,0.004,0.0
243183,0.655,0.0,0.0,0.0,0.007,0.0,0.022,0.317,0.0,0.0,1.0,0.0,0.0,0.0,0.0,0.0,0.0,0.0,0.007,0.993,0.0,0.0,0.0,0.0,0.0
243185,0.423,0.008,0.247,0.015,0.0,0.013,0.025,0.268,0.0,0.209,0.791,0.0,0.0,0.0,0.0,0.022,0.089,0.005,0.02,0.861,0.0,0.0,0.0,0.003,0.0
243186,0.65,0.0,0.0,0.0,0.0,0.0,0.0,0.35,0.0,0.0,1.0,0.0,0.0,0.0,0.0,0.0,0.05,0.0,0.0,0.95,0.0,0.0,0.0,0.0,0.0
243187,0.632,0.0,0.0,0.0,0.0,0.0,0.0,0.368,0.0,0.0,1.0,0.0,0.0,0.0,0.0,0.0,0.0,0.0,0.0,1.0,0.0,0.0,0.0,0.0,0.0
243188,0.689,0.0,0.036,0.0,0.0,0.0,0.0,0.275,0.0,0.0,0.839,0.0,0.161,0.0,0.0,0.026,0.016,0.0,0.026,0.933,0.0,0.0,0.0,0.0,0.0
243189,0.157,0.0,0.15,0.011,0.0,0.004,0.007,0.671,0.0,0.036,0.964,0.0,0.0,0.0,0.0,0.054,0.0,0.0,0.029,0.907,0.011,0.0,0.0,0.0,0.0
243190,0.388,0.0,0.253,0.0,0.0,0.0,0.0,0.359,0.0,0.0,1.0,0.0,0.0,0.0,0.0,0.01,0.0,0.0,0.003,0.987,0.0,0.0,0.0,0.0,0.0
243191,0.142,0.019,0.437,0.0,0.093,0.149,0.009,0.152,0.0,0.316,0.684,0.0,0.0,0.0,0.0,0.0,0.0,0.0,0.015,0.981,0.0,0.0,0.0,0.003,0.0
243192,0.182,0.0,0.273,0.0,0.0,0.0,0.0,0.545,0.0,0.0,1.0,0.0,0.0,0.0,0.0,0.0,0.0,0.0,0.364,0.636,0.0,0.0,0.0,0.0,0.0
243194,0.226,0.0,0.305,0.002,0.0,0.002,0.0,0.466,0.0,0.18,0.817,0.0,0.002,0.0,0.002,0.019,0.0,0.0,0.062,0.917,0.0,0.0,0.0,0.002,0.0
243195,0.399,0.0,0.099,0.0,0.0,0.0,0.004,0.498,0.0,0.161,0.839,0.0,0.0,0.0,0.0,0.004,0.0,0.004,0.215,0.753,0.0,0.018,0.0,0.004,0.0
243196,0.286,0.0,0.013,0.0,0.0,0.0,0.013,0.688,0.0,0.455,0.545,0.0,0.0,0.0,0.0,0.0,0.0,0.0,0.117,0.883,0.0,0.0,0.0,0.0,0.0
243197,0.409,0.0,0.036,0.0,0.0,0.0,0.021,0.517,0.017,0.061,0.932,0.006,0.0,0.0,0.0,0.006,0.002,0.002,0.093,0.895,0.0,0.002,0.0,0.0,0.0
243198,0.423,0.0,0.098,0.0,0.0,0.0,0.026,0.454,0.0,0.057,0.943,0.0,0.0,0.0,0.0,0.0,0.0,0.0,0.314,0.686,0.0,0.0,0.0,0.0,0.0
243200,0.69,0.0,0.0,0.0,0.0,0.0,0.024,0.286,0.0,0.071,0.929,0.0,0.0,0.0,0.0,0.0,0.0,0.071,0.333,0.595,0.0,0.0,0.0,0.0,0.0
243201,0.432,0.0,0.089,0.0,0.0,0.0,0.009,0.469,0.0,0.066,0.915,0.019,0.0,0.0,0.0,0.005,0.005,0.0,0.347,0.624,0.005,0.005,0.0,0.009,0.0
243202,0.14,0.01,0.16,0.014,0.001,0.046,0.038,0.592,0.0,0.453,0.54,0.001,0.0,0.005,0.001,0.075,0.015,0.005,0.044,0.797,0.007,0.0,0.0,0.001,0.058
243203,0.116,0.007,0.073,0.002,0.002,0.013,0.035,0.745,0.006,0.492,0.507,0.001,0.0,0.0,0.0,0.011,0.009,0.011,0.083,0.87,0.015,0.0,0.0,0.001,0.001
243204,0.575,0.014,0.019,0.0,0.0,0.0,0.0,0.391,0.0,0.377,0.618,0.005,0.0,0.0,0.0,0.019,0.005,0.0,0.0,0.976,0.0,0.0,0.0,0.0,0.0
243206,0.484,0.018,0.05,0.0,0.0,0.021,0.016,0.411,0.0,0.008,0.976,0.016,0.0,0.0,0.0,0.003,0.0,0.0,0.008,0.989,0.0,0.0,0.0,0.0,0.0
243207,0.415,0.013,0.011,0.0,0.119,0.004,0.013,0.424,0.0,0.223,0.777,0.0,0.0,0.0,0.0,0.552,0.009,0.013,0.02,0.4,0.0,0.0,0.0,0.0,0.007
243208,0.346,0.005,0.01,0.0,0.0,0.0,0.005,0.635,0.0,0.0,0.995,0.005,0.0,0.0,0.0,0.005,0.0,0.0,0.0,0.995,0.0,0.0,0.0,0.0,0.0
243209,0.435,0.0,0.058,0.0,0.0,0.0,0.0,0.507,0.0,0.0,1.0,0.0,0.0,0.0,0.0,0.014,0.014,0.0,0.0,0.971,0.0,0.0,0.0,0.0,0.0
243210,0.367,0.021,0.089,0.006,0.019,0.006,0.006,0.486,0.001,0.001,0.995,0.003,0.0,0.0,0.0,0.001,0.001,0.007,0.03,0.954,0.0,0.0,0.006,0.001,0.0
243214,0.477,0.004,0.0,0.0,0.0,0.0,0.004,0.51,0.004,0.0,1.0,0.0,0.0,0.0,0.0,0.0,0.0,0.0,0.033,0.934,0.0,0.0,0.0,0.0,0.033
243215,0.542,0.011,0.04,0.0,0.079,0.311,0.017,0.0,0.0,0.0,0.966,0.034,0.0,0.0,0.0,0.0,0.017,0.0,0.158,0.825,0.0,0.0,0.0,0.0,0.0
243216,0.535,0.0,0.15,0.0,0.007,0.0,0.005,0.3,0.002,0.004,0.989,0.007,0.0,0.0,0.0,0.0,0.005,0.13,0.256,0.606,0.002,0.0,0.0,0.0,0.0
243217,0.522,0.039,0.111,0.005,0.005,0.0,0.0,0.319,0.0,0.005,0.99,0.0,0.0,0.0,0.005,0.0,0.0,0.005,0.333,0.643,0.005,0.01,0.0,0.005,0.0
243218,0.719,0.007,0.0,0.0,0.0,0.007,0.0,0.267,0.0,0.0,1.0,0.0,0.0,0.0,0.0,0.0,0.0,0.0,0.556,0.444,0.0,0.0,0.0,0.0,0.0
243220,0.783,0.0,0.0,0.0,0.0,0.0,0.0,0.217,0.0,0.0,1.0,0.0,0.0,0.0,0.0,0.0,0.0,0.0,0.0,1.0,0.0,0.0,0.0,0.0,0.0
243221,0.629,0.005,0.075,0.0,0.005,0.011,0.011,0.22,0.043,0.059,0.914,0.027,0.0,0.0,0.0,0.0,0.005,0.0,0.0,0.995,0.0,0.0,0.0,0.0,0.0
243222,0.742,0.0,0.0,0.0,0.0,0.0,0.0,0.258,0.0,0.0,1.0,0.0,0.0,0.0,0.0,0.0,0.0,0.0,0.0,1.0,0.0,0.0,0.0,0.0,0.0
243223,0.549,0.0,0.085,0.012,0.0,0.0,0.012,0.341,0.0,0.012,0.988,0.0,0.0,0.0,0.0,0.037,0.11,0.0,0.244,0.61,0.0,0.0,0.0,0.0,0.0
243224,0.385,0.005,0.015,0.005,0.0,0.01,0.01,0.571,0.0,0.123,0.86,0.002,0.007,0.007,0.0,0.005,0.0,0.002,0.032,0.89,0.0,0.0,0.0,0.0,0.071
243225,0.412,0.02,0.007,0.0,0.0,0.074,0.007,0.48,0.0,0.0,1.0,0.0,0.0,0.0,0.0,0.0,0.0,0.0,0.101,0.899,0.0,0.0,0.0,0.0,0.0
243226,0.447,0.008,0.146,0.003,0.0,0.005,0.006,0.384,0.001,0.049,0.938,0.013,0.0,0.0,0.0,0.003,0.017,0.002,0.009,0.969,0.0,0.0,0.0,0.0,0.0
243229,0.676,0.0,0.088,0.0,0.0,0.0,0.0,0.235,0.0,0.0,1.0,0.0,0.0,0.0,0.0,0.0,0.0,0.029,0.294,0.647,0.0,0.0,0.0,0.029,0.0
243230,0.778,0.0,0.0,0.0,0.0,0.0,0.0,0.222,0.0,0.0,1.0,0.0,0.0,0.0,0.0,0.0,0.0,0.0,0.0,1.0,0.0,0.0,0.0,0.0,0.0
243231,0.719,0.0,0.0,0.0,0.0,0.0,0.0,0.281,0.0,0.125,0.875,0.0,0.0,0.0,0.0,0.0,0.0,0.0,0.0,0.992,0.0,0.0,0.0,0.008,0.0
243232,0.585,0.0,0.201,0.0,0.0,0.128,0.009,0.06,0.017,0.585,0.41,0.004,0.0,0.0,0.0,0.355,0.15,0.085,0.034,0.359,0.0,0.004,0.0,0.004,0.009
243233,0.516,0.0,0.0,0.032,0.0,0.0,0.0,0.452,0.0,0.0,1.0,0.0,0.0,0.0,0.0,0.0,0.0,0.0,0.0,1.0,0.0,0.0,0.0,0.0,0.0
243234,0.411,0.008,0.122,0.0,0.003,0.011,0.0,0.442,0.003,0.0,0.997,0.0,0.003,0.0,0.0,0.0,0.003,0.003,0.017,0.975,0.0,0.0,0.003,0.0,0.0
243235,0.588,0.005,0.037,0.0,0.0,0.009,0.014,0.345,0.002,0.009,0.991,0.0,0.0,0.0,0.0,0.021,0.002,0.002,0.109,0.861,0.0,0.002,0.0,0.0,0.002
243236,0.672,0.011,0.133,0.0,0.0,0.006,0.0,0.178,0.0,0.011,0.989,0.0,0.0,0.0,0.0,0.017,0.0,0.0,0.139,0.844,0.0,0.0,0.0,0.0,0.0
243237,0.759,0.0,0.006,0.0,0.0,0.0,0.006,0.228,0.0,0.0,1.0,0.0,0.0,0.0,0.0,0.0,0.006,0.0,0.734,0.259,0.0,0.0,0.0,0.0,0.0
243238,0.538,0.0,0.385,0.0,0.0,0.0,0.0,0.077,0.0,0.0,1.0,0.0,0.0,0.0,0.0,0.0,0.0,0.0,0.462,0.538,0.0,0.0,0.0,0.0,0.0
243239,0.255,0.006,0.056,0.0,0.0,0.028,0.0,0.655,0.0,0.008,0.986,0.0,0.006,0.0,0.0,0.008,0.003,0.0,0.255,0.734,0.0,0.0,0.0,0.0,0.0
243240,0.332,0.005,0.082,0.0,0.0,0.005,0.005,0.571,0.0,0.002,0.993,0.005,0.0,0.0,0.0,0.002,0.0,0.0,0.76,0.232,0.0,0.005,0.0,0.0,0.0
243241,0.292,0.0,0.396,0.0,0.0,0.292,0.021,0.0,0.0,0.042,0.958,0.0,0.0,0.0,0.0,0.0,0.0,0.0,0.0,1.0,0.0,0.0,0.0,0.0,0.0
243242,0.431,0.0,0.196,0.0,0.0,0.148,0.005,0.22,0.0,0.01,0.99,0.0,0.0,0.0,0.0,0.01,0.0,0.0,0.038,0.952,0.0,0.0,0.0,0.0,0.0
243243,0.626,0.0,0.058,0.016,0.053,0.2,0.021,0.021,0.005,0.0,0.953,0.047,0.0,0.0,0.0,0.021,0.0,0.016,0.084,0.879,0.0,0.0,0.0,0.0,0.0
243244,0.054,0.0,0.054,0.0,0.0,0.044,0.0,0.848,0.0,0.093,0.902,0.005,0.0,0.0,0.0,0.0,0.0,0.025,0.167,0.809,0.0,0.0,0.0,0.0,0.0
243245,0.576,0.002,0.138,0.0,0.0,0.014,0.002,0.266,0.002,0.019,0.981,0.0,0.0,0.0,0.0,0.019,0.005,0.0,0.319,0.648,0.002,0.0,0.0,0.002,0.005
243247,0.481,0.0,0.0,0.0,0.056,0.0,0.0,0.463,0.0,0.0,1.0,0.0,0.0,0.0,0.0,0.0,0.0,0.0,0.0,1.0,0.0,0.0,0.0,0.0,0.0
243248,0.478,0.003,0.188,0.003,0.0,0.089,0.006,0.232,0.0,0.022,0.965,0.01,0.0,0.003,0.0,0.003,0.003,0.006,0.43,0.554,0.0,0.0,0.0,0.0,0.003
243249,0.441,0.0,0.323,0.0,0.016,0.02,0.0,0.201,0.0,0.157,0.843,0.0,0.0,0.0,0.0,0.004,0.008,0.031,0.039,0.913,0.004,0.0,0.0,0.0,0.0
243250,0.78,0.0,0.098,0.0,0.0,0.0,0.0,0.122,0.0,0.146,0.854,0.0,0.0,0.0,0.0,0.0,0.0,0.0,0.073,0.927,0.0,0.0,0.0,0.0,0.0
243251,0.185,0.003,0.194,0.009,0.003,0.003,0.027,0.573,0.003,0.012,0.985,0.003,0.0,0.0,0.0,0.015,0.009,0.003,0.245,0.688,0.0,0.0,0.0,0.0,0.039
243253,0.277,0.001,0.105,0.002,0.001,0.019,0.01,0.585,0.0,0.262,0.732,0.006,0.0,0.0,0.0,0.088,0.141,0.02,0.122,0.627,0.0,0.0,0.0,0.001,0.001
243254,0.305,0.005,0.086,0.003,0.005,0.005,0.003,0.586,0.0,0.0,0.968,0.032,0.0,0.0,0.0,0.003,0.0,0.003,0.441,0.554,0.0,0.0,0.0,0.0,0.0
243255,0.6,0.0,0.0,0.0,0.0,0.0,0.0,0.4,0.0,0.0,1.0,0.0,0.0,0.0,0.0,0.0,0.0,0.0,0.0,1.0,0.0,0.0,0.0,0.0,0.0
243256,0.368,0.002,0.269,0.002,0.002,0.02,0.028,0.309,0.0,0.206,0.794,0.0,0.0,0.0,0.0,0.011,0.0,0.0,0.042,0.945,0.0,0.0,0.002,0.0,0.0
243257,0.366,0.002,0.157,0.002,0.0,0.013,0.007,0.452,0.0,0.111,0.874,0.016,0.0,0.0,0.0,0.002,0.0,0.002,0.047,0.949,0.0,0.0,0.0,0.0,0.0
243258,0.586,0.0,0.076,0.03,0.0,0.0,0.0,0.308,0.0,0.0,0.99,0.01,0.0,0.0,0.0,0.0,0.0,0.0,0.0,1.0,0.0,0.0,0.0,0.0,0.0
243259,0.484,0.04,0.206,0.0,0.0,0.0,0.0,0.27,0.0,0.0,1.0,0.0,0.0,0.0,0.0,0.012,0.0,0.0,0.157,0.827,0.0,0.004,0.0,0.0,0.0
243260,0.164,0.001,0.124,0.022,0.007,0.16,0.011,0.504,0.007,0.029,0.924,0.007,0.014,0.026,0.0,0.008,0.022,0.055,0.48,0.32,0.04,0.002,0.001,0.002,0.071
243261,0.234,0.007,0.121,0.053,0.0,0.032,0.002,0.548,0.002,0.002,0.958,0.037,0.0,0.0,0.002,0.005,0.114,0.0,0.661,0.22,0.0,0.0,0.0,0.0,0.0
243262,0.803,0.0,0.0,0.0,0.0,0.045,0.0,0.152,0.0,0.0,1.0,0.0,0.0,0.0,0.0,0.636,0.0,0.0,0.348,0.0,0.0,0.0,0.0,0.0,0.015
243263,0.385,0.024,0.191,0.0,0.0,0.0,0.004,0.396,0.0,0.004,0.996,0.0,0.0,0.0,0.0,0.006,0.002,0.004,0.353,0.636,0.0,0.0,0.0,0.0,0.0
243264,0.266,0.0,0.053,0.0,0.011,0.011,0.0,0.66,0.0,0.021,0.979,0.0,0.0,0.0,0.0,0.0,0.0,0.0,0.0,1.0,0.0,0.0,0.0,0.0,0.0
243265,0.302,0.0,0.019,0.003,0.0,0.0,0.013,0.663,0.0,0.035,0.957,0.005,0.0,0.003,0.0,0.027,0.024,0.005,0.348,0.59,0.0,0.0,0.0,0.003,0.003
243266,0.643,0.0,0.01,0.0,0.038,0.0,0.014,0.296,0.0,0.082,0.918,0.0,0.0,0.0,0.0,0.034,0.007,0.003,0.082,0.863,0.003,0.0,0.003,0.003,0.0
243267,0.125,0.0,0.05,0.0,0.0,0.025,0.0,0.8,0.0,0.0,1.0,0.0,0.0,0.0,0.0,0.0,0.225,0.162,0.038,0.575,0.0,0.0,0.0,0.0,0.0
243268,0.264,0.0,0.0,0.0,0.014,0.0,0.0,0.722,0.0,0.0,0.986,0.014,0.0,0.0,0.0,0.0,0.0,0.0,0.153,0.847,0.0,0.0,0.0,0.0,0.0
243269,0.357,0.0,0.022,0.0,0.032,0.016,0.011,0.557,0.005,0.384,0.573,0.0,0.038,0.005,0.0,0.0,0.016,0.0,0.189,0.789,0.0,0.0,0.0,0.005,0.0
243270,0.416,0.0,0.041,0.0,0.007,0.0,0.007,0.529,0.0,0.003,0.976,0.021,0.0,0.0,0.0,0.041,0.038,0.031,0.12,0.766,0.0,0.003,0.0,0.0,0.0
243272,0.589,0.0,0.021,0.005,0.1,0.013,0.008,0.263,0.0,0.342,0.655,0.003,0.0,0.0,0.0,0.0,0.018,0.0,0.076,0.845,0.0,0.0,0.0,0.003,0.058
243273,0.331,0.0,0.077,0.015,0.0,0.0,0.015,0.562,0.0,0.015,0.969,0.0,0.0,0.015,0.0,0.0,0.023,0.046,0.0,0.931,0.0,0.0,0.0,0.0,0.0
243274,0.583,0.0,0.0,0.0,0.0,0.009,0.0,0.407,0.0,0.0,1.0,0.0,0.0,0.0,0.0,0.0,0.0,0.0,0.0,1.0,0.0,0.0,0.0,0.0,0.0
243275,0.653,0.0,0.025,0.0,0.0,0.0,0.008,0.263,0.051,0.263,0.737,0.0,0.0,0.0,0.0,0.008,0.0,0.0,0.11,0.881,0.0,0.0,0.0,0.0,0.0
243276,0.644,0.0,0.044,0.0,0.0,0.0,0.002,0.305,0.006,0.146,0.852,0.0,0.0,0.002,0.0,0.006,0.002,0.002,0.019,0.972,0.0,0.0,0.0,0.0,0.0
243277,0.719,0.004,0.011,0.0,0.0,0.0,0.0,0.266,0.0,0.0,0.996,0.0,0.0,0.004,0.0,0.0,0.025,0.0,0.0,0.975,0.0,0.0,0.0,0.0,0.0
243278,0.524,0.0,0.045,0.003,0.0,0.0,0.0,0.428,0.0,0.238,0.762,0.0,0.0,0.0,0.0,0.0,0.003,0.0,0.0,0.994,0.0,0.0,0.0,0.003,0.0
243279,0.371,0.0,0.025,0.0,0.0,0.011,0.011,0.581,0.0,0.02,0.978,0.0,0.0,0.003,0.0,0.017,0.011,0.014,0.042,0.862,0.0,0.0,0.0,0.0,0.053
243280,0.45,0.012,0.008,0.0,0.212,0.121,0.0,0.196,0.0,0.05,0.929,0.017,0.0,0.004,0.0,0.004,0.004,0.004,0.25,0.738,0.0,0.0,0.0,0.0,0.0
243281,0.289,0.003,0.156,0.003,0.008,0.008,0.034,0.499,0.0,0.003,0.997,0.0,0.0,0.0,0.0,0.0,0.003,0.003,0.003,0.921,0.0,0.0,0.003,0.0,0.068
243282,0.158,0.0,0.075,0.0,0.0,0.0,0.033,0.733,0.0,0.0,1.0,0.0,0.0,0.0,0.0,0.0,0.0,0.0,0.058,0.942,0.0,0.0,0.0,0.0,0.0
243283,0.177,0.005,0.186,0.005,0.019,0.0,0.0,0.6,0.009,0.014,0.981,0.005,0.0,0.0,0.0,0.005,0.0,0.0,0.014,0.972,0.0,0.005,0.0,0.0,0.005
243284,0.061,0.0,0.101,0.0,0.04,0.0,0.0,0.798,0.0,0.0,1.0,0.0,0.0,0.0,0.0,0.242,0.0,0.0,0.04,0.717,0.0,0.0,0.0,0.0,0.0
243285,0.335,0.0,0.129,0.004,0.0,0.0,0.008,0.525,0.0,0.008,0.977,0.0,0.0,0.015,0.0,0.004,0.004,0.0,0.148,0.844,0.0,0.0,0.0,0.0,0.0
243286,0.114,0.0,0.105,0.014,0.0,0.011,0.0,0.756,0.0,0.166,0.831,0.003,0.0,0.0,0.0,0.0,0.003,0.006,0.266,0.615,0.1,0.003,0.0,0.003,0.006
243287,0.262,0.0,0.054,0.0,0.637,0.006,0.03,0.012,0.0,0.006,0.994,0.0,0.0,0.0,0.0,0.006,0.006,0.0,0.512,0.476,0.0,0.0,0.0,0.0,0.0
243288,0.521,0.0,0.032,0.003,0.0,0.003,0.003,0.439,0.0,0.003,0.987,0.011,0.0,0.0,0.0,0.0,0.0,0.037,0.479,0.476,0.0,0.0,0.008,0.0,0.0
243289,0.574,0.0,0.0,0.0,0.0,0.0,0.0,0.426,0.0,0.0,1.0,0.0,0.0,0.0,0.0,0.021,0.0,0.0,0.085,0.894,0.0,0.0,0.0,0.0,0.0
243290,0.643,0.0,0.088,0.0,0.0,0.0,0.004,0.265,0.0,0.13,0.87,0.0,0.0,0.0,0.0,0.004,0.0,0.034,0.214,0.748,0.0,0.0,0.0,0.0,0.0
243291,0.422,0.008,0.063,0.0,0.0,0.021,0.025,0.46,0.0,0.008,0.941,0.0,0.051,0.0,0.0,0.0,0.0,0.008,0.021,0.97,0.0,0.0,0.0,0.0,0.0
243293,0.0,0.0,0.0,0.0,0.0,0.0,0.0,1.0,0.0,0.0,1.0,0.0,0.0,0.0,0.0,0.0,0.0,0.0,0.0,1.0,0.0,0.0,0.0,0.0,0.0
243294,0.437,0.024,0.059,0.0,0.099,0.107,0.029,0.239,0.005,0.193,0.802,0.005,0.0,0.0,0.0,0.088,0.021,0.059,0.067,0.702,0.0,0.0,0.0,0.0,0.062
243296,0.774,0.0,0.0,0.0,0.0,0.0,0.0,0.226,0.0,0.004,0.996,0.0,0.0,0.0,0.0,0.0,0.0,0.0,0.0,1.0,0.0,0.0,0.0,0.0,0.0
243298,0.575,0.04,0.018,0.0,0.194,0.0,0.007,0.161,0.004,0.004,0.978,0.018,0.0,0.0,0.0,0.103,0.004,0.029,0.066,0.799,0.0,0.0,0.0,0.0,0.0
243299,0.03,0.0,0.273,0.01,0.0,0.0,0.0,0.687,0.0,0.0,1.0,0.0,0.0,0.0,0.0,0.0,0.0,0.0,0.0,1.0,0.0,0.0,0.0,0.0,0.0
243300,0.247,0.011,0.144,0.0,0.003,0.003,0.008,0.584,0.0,0.074,0.904,0.005,0.003,0.014,0.0,0.011,0.005,0.03,0.249,0.701,0.0,0.0,0.005,0.0,0.0
243301,0.0,0.004,0.008,0.0,0.549,0.0,0.0,0.439,0.0,0.844,0.156,0.0,0.0,0.0,0.0,0.03,0.0,0.169,0.021,0.781,0.0,0.0,0.0,0.0,0.0
243302,0.205,0.0,0.03,0.006,0.002,0.005,0.022,0.731,0.0,0.217,0.759,0.0,0.0,0.024,0.0,0.005,0.002,0.003,0.118,0.855,0.009,0.0,0.0,0.0,0.008
243303,0.2,0.006,0.01,0.0,0.01,0.004,0.042,0.727,0.0,0.242,0.673,0.002,0.008,0.075,0.0,0.006,0.008,0.017,0.412,0.544,0.002,0.0,0.0,0.0,0.01
243304,0.198,0.038,0.069,0.0,0.0,0.0,0.008,0.687,0.0,0.031,0.939,0.031,0.0,0.0,0.0,0.0,0.0,0.0,0.298,0.702,0.0,0.0,0.0,0.0,0.0
243305,0.289,0.0,0.077,0.012,0.001,0.007,0.006,0.608,0.0,0.029,0.969,0.002,0.0,0.0,0.0,0.001,0.016,0.015,0.466,0.502,0.0,0.0,0.0,0.001,0.0
243306,0.404,0.0,0.202,0.0,0.0,0.0,0.0,0.394,0.0,0.0,1.0,0.0,0.0,0.0,0.0,0.021,0.0,0.0,0.191,0.777,0.0,0.0,0.0,0.011,0.0
243307,0.592,0.007,0.026,0.0,0.0,0.0,0.02,0.355,0.0,0.02,0.961,0.02,0.0,0.0,0.0,0.007,0.007,0.007,0.112,0.868,0.0,0.0,0.0,0.0,0.0
243309,0.43,0.002,0.048,0.002,0.002,0.002,0.015,0.499,0.0,0.0,1.0,0.0,0.0,0.0,0.0,0.002,0.002,0.0,0.43,0.564,0.0,0.002,0.0,0.0,0.0
243310,0.299,0.002,0.258,0.021,0.002,0.012,0.019,0.387,0.0,0.002,0.988,0.009,0.0,0.0,0.0,0.07,0.371,0.014,0.079,0.457,0.0,0.002,0.0,0.007,0.0
243311,0.142,0.0,0.571,0.0,0.0,0.0,0.013,0.274,0.0,0.0,0.984,0.013,0.0,0.003,0.0,0.0,0.0,0.006,0.097,0.894,0.0,0.0,0.0,0.0,0.003
243312,0.351,0.005,0.275,0.009,0.0,0.002,0.003,0.356,0.0,0.0,1.0,0.0,0.0,0.0,0.0,0.017,0.0,0.003,0.311,0.599,0.0,0.0,0.069,0.0,0.0
243313,0.643,0.0,0.0,0.0,0.0,0.0,0.0,0.357,0.0,0.0,0.98,0.02,0.0,0.0,0.0,0.0,0.0,0.0,0.189,0.811,0.0,0.0,0.0,0.0,0.0
243314,0.301,0.0,0.216,0.0,0.0,0.0,0.0,0.469,0.014,0.0,0.977,0.023,0.0,0.0,0.0,0.0,0.0,0.0,0.371,0.599,0.0,0.0,0.0,0.002,0.027
243315,0.555,0.01,0.255,0.0,0.0,0.005,0.0,0.175,0.0,0.0,1.0,0.0,0.0,0.0,0.0,0.0,0.0,0.0,0.995,0.0,0.0,0.0,0.0,0.005,0.0
243316,0.155,0.003,0.168,0.0,0.002,0.003,0.002,0.668,0.0,0.0,0.995,0.005,0.0,0.0,0.0,0.0,0.0,0.01,0.235,0.753,0.0,0.0,0.0,0.002,0.0
243317,0.613,0.0,0.012,0.01,0.0,0.0,0.005,0.36,0.0,0.0,0.969,0.031,0.0,0.0,0.0,0.0,0.0,0.232,0.43,0.334,0.002,0.0,0.0,0.002,0.0
243318,0.119,0.0,0.199,0.009,0.006,0.0,0.006,0.662,0.0,0.009,0.991,0.0,0.0,0.0,0.0,0.018,0.371,0.003,0.178,0.424,0.0,0.0,0.0,0.0,0.006
243319,0.405,0.0,0.012,0.0,0.0,0.0,0.006,0.577,0.0,0.006,0.988,0.006,0.0,0.0,0.0,0.0,0.006,0.0,0.167,0.827,0.0,0.0,0.0,0.0,0.0
243320,0.513,0.0,0.084,0.0,0.005,0.0,0.016,0.325,0.058,0.0,1.0,0.0,0.0,0.0,0.0,0.0,0.0,0.0,0.058,0.937,0.005,0.0,0.0,0.0,0.0
243322,0.863,0.0,0.0,0.0,0.0,0.027,0.082,0.027,0.0,0.37,0.63,0.0,0.0,0.0,0.0,0.0,0.0,0.0,0.178,0.822,0.0,0.0,0.0,0.0,0.0
243323,0.811,0.0,0.0,0.0,0.0,0.0,0.0,0.179,0.009,0.0,1.0,0.0,0.0,0.0,0.0,0.0,0.0,0.0,0.0,1.0,0.0,0.0,0.0,0.0,0.0
243324,0.296,0.004,0.046,0.001,0.082,0.034,0.04,0.495,0.001,0.077,0.923,0.0,0.0,0.0,0.0,0.006,0.001,0.004,0.094,0.879,0.0,0.0,0.0,0.0,0.015
243325,0.386,0.002,0.016,0.0,0.002,0.014,0.023,0.551,0.007,0.012,0.972,0.016,0.0,0.0,0.0,0.002,0.007,0.0,0.017,0.962,0.002,0.0,0.0,0.0,0.01
243326,0.324,0.0,0.0,0.0,0.014,0.0,0.0,0.662,0.0,0.0,1.0,0.0,0.0,0.0,0.0,0.0,0.0,0.0,0.239,0.761,0.0,0.0,0.0,0.0,0.0
243327,0.309,0.015,0.0,0.0,0.0,0.005,0.0,0.671,0.0,0.017,0.98,0.0,0.0,0.002,0.0,0.0,0.01,0.0,0.075,0.915,0.0,0.0,0.0,0.0,0.0
243328,0.511,0.0,0.0,0.0,0.0,0.0,0.009,0.48,0.0,0.0,1.0,0.0,0.0,0.0,0.0,0.0,0.0,0.0,0.054,0.946,0.0,0.0,0.0,0.0,0.0
243329,0.268,0.036,0.0,0.0,0.009,0.0,0.062,0.625,0.0,0.071,0.929,0.0,0.0,0.0,0.0,0.009,0.0,0.0,0.161,0.83,0.0,0.0,0.0,0.0,0.0
243330,0.689,0.0,0.022,0.0,0.0,0.0,0.022,0.267,0.0,0.0,0.989,0.0,0.0,0.011,0.0,0.0,0.0,0.0,0.1,0.9,0.0,0.0,0.0,0.0,0.0
243331,0.343,0.011,0.194,0.0,0.0,0.138,0.0,0.314,0.0,0.071,0.929,0.0,0.0,0.0,0.0,0.0,0.0,0.042,0.053,0.905,0.0,0.0,0.0,0.0,0.0
243332,0.537,0.007,0.007,0.441,0.0,0.0,0.007,0.0,0.0,0.0,0.985,0.0,0.0,0.015,0.0,0.0,0.007,0.0,0.0,0.993,0.0,0.0,0.0,0.0,0.0
243333,0.483,0.004,0.035,0.001,0.001,0.141,0.012,0.322,0.0,0.0,1.0,0.0,0.0,0.0,0.0,0.001,0.001,0.004,0.069,0.896,0.0,0.0,0.0,0.0,0.028
243334,0.505,0.006,0.193,0.002,0.0,0.004,0.008,0.279,0.002,0.002,0.99,0.002,0.0,0.006,0.0,0.012,0.0,0.0,0.0,0.977,0.008,0.0,0.002,0.0,0.0
